Season,Rk,ID,Name,TGTS,REC,YDS,TD,HOG_RATE,SNAP_SHARE,AVG_TGT_DIST,TOT_AIR_YARDS,AY/GAME,AY/REC,TOT_TGTS,Redzone_Tgts,Endzone_Tgts,Tgt_Accuracy,Tgt_Share,FP/TGT
2021,1,18882,C. Kupp,191,145,1947,16,19.31,94.01,8.32,1590,93.52,11,191,38,11,7.76,31.72,2.3
2021,2,16470,D. Adams,169,123,1553,11,20.99,80.33,8.99,1520,95,12.4,169,28,11,7.33,31.58,2.04
2021,3,20932,D. Samuel,120,77,1405,6,14.94,81.44,8.09,971,60.68,12.6,120,10,6,7.14,27.77,2.82
2021,4,21685,J. Jefferson,167,108,1616,10,17.32,89.01,11.95,1996,117.41,18.5,167,23,15,7.41,29.87,1.98
2021,5,22564,J. Chase,128,81,1455,13,14.23,86.11,11.96,1532,90.11,18.9,128,12,12,7.3,23.7,2.38
2021,6,18082,T. Hill,159,111,1239,9,19.17,73.23,10.74,1709,100.52,15.4,159,24,11,7.79,25.07,1.86
2021,7,16906,S. Diggs,164,103,1225,10,17.35,82.74,11.14,1828,107.52,17.7,164,34,23,7.33,26.36,1.74
2021,8,21077,D. Johnson,169,107,1161,8,18.13,91.01,8.22,1390,86.87,13,169,23,7,7.63,28.49,1.62
2021,9,16597,M. Evans,113,74,1035,14,12.73,83.05,12.86,1454,90.87,19.6,113,19,13,6.96,16.42,2.32
2021,10,20924,H. Renfrow,128,103,1038,9,17.82,66.05,6.64,851,50.05,8.3,128,24,11,8.33,21.69,2.02
2021,11,15076,K. Allen,157,106,1138,6,16.89,88.14,8.94,1404,87.75,13.2,157,25,8,7.53,25.12,1.64
2021,12,18914,M. Williams,129,76,1146,9,15,81.05,10.66,1376,86,18.1,129,23,13,7.01,20.77,1.91
2021,13,22598,J. Waddle,142,104,1015,6,16.41,84.22,6.3,895,55.93,8.6,142,15,3,8.02,24.78,1.73
2021,14,20875,D. Metcalf,129,75,967,12,16.22,83.42,12.44,1605,94.41,21.4,129,19,11,7.32,27.27,1.89
2021,15,18880,C. Godwin,128,98,1103,5,15.86,86.21,7.01,898,64.14,9.2,128,26,8,7.85,21.29,1.89
2021,16,16830,T. Lockett,107,73,1175,8,13.52,87.88,13.63,1459,91.18,20,107,7,6,7.28,24.04,2.26
2021,17,21744,M. Pittman Jr.,129,88,1082,6,13.96,87.74,8.75,1129,66.41,12.8,129,17,8,7.2,25.69,1.85
2021,18,19844,D. Moore,162,93,1157,4,16.8,87.23,10.07,1632,96,17.5,162,13,8,6.55,28.37,1.47
2021,19,21679,C. Lamb,120,79,1102,6,14.38,77.29,9.35,1123,70.18,14.2,120,11,6,7.29,20.37,1.94
2021,20,16568,B. Cooks,133,90,1037,6,16.7,83.96,10.73,1428,89.25,15.9,133,9,5,7.18,26.92,1.74
2021,21,22587,A. St. Brown,119,90,912,5,15.29,74.52,6.77,806,47.41,9,119,14,4,7.5,21.44,1.91
2021,22,21045,M. Brown,145,91,1008,6,16.55,80.07,10.46,1518,94.87,16.7,145,16,11,7.03,26.7,1.56
2021,23,21961,D. Mooney,140,81,1055,4,14.87,87.77,10.56,1479,87,18.3,140,11,8,6.64,26.71,1.57
2021,24,21690,T. Higgins,110,74,1091,6,15.49,78.97,11.81,1300,92.85,17.6,110,13,10,7.56,23.86,1.99
2021,25,20873,T. McLaurin,131,77,1053,5,13.47,90.08,12.64,1656,97.41,21.5,131,9,10,6.81,24.53,1.63
2021,26,19815,C. Kirk,103,77,982,5,12.43,73.6,11.24,1158,68.11,15,103,10,8,7.79,18.07,2.02
2021,27,16765,A. Cooper,103,68,865,8,13.02,77.93,11.5,1185,79,17.4,103,19,9,7.33,18.83,1.97
2021,28,15534,A. Thielen,95,67,726,10,13.21,84.29,9.9,941,72.38,14,95,15,8,7.23,20.97,2.1
2021,29,20876,J. Meyers,126,83,867,2,14.53,82.65,9.61,1211,71.23,14.6,126,13,4,7.18,24.37,1.48
2021,30,21687,D. Smith,103,64,916,5,11.73,82.83,14.43,1487,87.47,23.2,103,8,11,7.03,22.1,1.8
2021,31,17986,T. Boyd,94,67,828,5,12.11,78.14,7.34,690,43.12,10.3,94,7,4,7.42,18.39,1.96
2021,32,21042,A. Brown,105,63,869,5,18.32,70.04,10.95,1150,88.46,18.3,105,10,9,7.5,26.99,1.72
2021,33,19318,K. Bourne,70,55,800,5,12.63,52.81,8.35,585,34.41,10.6,70,7,3,7.89,13.53,2.58
2021,34,13870,M. Jones Jr.,118,73,832,4,12.68,90.2,11.47,1354,79.64,18.5,118,16,13,7.24,20.27,1.53
2021,35,21747,B. Aiyuk,85,56,826,5,9.77,83.57,9.48,806,47.41,14.4,85,10,10,7.41,18.51,2
2021,36,21739,V. Jefferson,89,50,802,6,10.43,81.08,13.28,1182,69.52,23.6,89,16,9,7.02,14.78,1.89
2021,37,21752,C. Claypool,105,59,860,2,13.61,80.22,11.45,1203,80.2,20.4,105,13,8,7.07,18.65,1.59
2021,38,20006,R. Gage,93,66,770,4,16.63,72.22,9.17,853,60.92,12.9,93,14,6,7.68,22.03,1.75
2021,39,14141,C. Beasley,112,82,693,1,17.15,61.31,5.41,606,37.87,7.4,112,13,2,7.74,19.34,1.42
2021,40,21714,K. Osborn,82,50,655,7,11.2,67.59,10.52,863,50.76,17.3,82,8,5,6.4,14.66,1.93
2021,41,12845,A. Green,92,54,848,3,10.84,80.22,12.58,1158,72.37,21.4,92,16,11,6.92,16.91,1.7
2021,42,19207,T. Patrick,85,53,734,5,10.58,82.35,11.8,1003,62.68,18.9,85,11,8,7.2,17.31,1.84
2021,43,21750,M. Callaway,84,46,698,6,10.44,69.79,12.6,1059,62.29,23,84,9,8,6.87,17.87,1.81
2021,44,19800,C. Sutton,98,58,776,2,11.11,85.46,15.65,1534,90.23,26.4,98,11,4,7.21,18.91,1.53
2021,45,20013,C. Wilson Jr.,61,45,602,6,12.29,45.63,9.47,578,36.12,12.8,61,9,2,8.27,10.23,2.42
2021,46,14986,D. Hopkins,63,42,572,8,11.66,83.85,12.36,779,77.9,18.5,63,15,10,7.26,20.45,2.34
2021,47,20145,A. Lazard,60,40,513,8,8.69,72.78,11,660,44,16.5,60,16,11,7.5,11.9,2.38
2021,48,20788,M. Hardman,83,59,693,2,13.69,53.53,7.51,624,36.7,10.6,83,16,3,8.19,13.09,1.7
2021,49,18187,R. Anderson,110,53,519,5,11.7,85.06,9.74,1072,63.05,20.2,110,8,6,6.15,19.26,1.26
2021,50,22592,E. Moore,77,43,538,5,16.24,68.1,10.79,831,75.54,19.3,77,8,3,6.78,18.59,1.79
2021,51,14871,R. Woods,69,45,556,4,12.99,93.65,8.13,561,62.33,12.5,69,16,5,7.31,21.49,1.99
2021,52,16020,J. Landry,85,52,570,2,16.86,69.61,5.23,445,37.08,8.6,85,10,3,6.38,24.7,1.56
2021,53,18422,K. Raymond,71,48,576,4,10.18,70.83,9.53,677,42.31,14.1,71,5,0,7.25,13.65,1.86
2021,54,11063,E. Sanders,72,42,626,4,10.01,77.39,15.62,1125,80.35,26.8,72,10,11,7.15,13.76,1.83
2021,55,16389,O. Beckham Jr.,82,44,537,5,12.75,72.73,11.45,939,67.07,21.3,82,12,7,6.89,17.74,1.57
2021,56,21697,L. Shenault Jr.,99,63,619,0,14.88,69.34,5.39,534,33.37,8.5,99,10,4,7.27,18.09,1.28
2021,57,20150,B. Pringle,60,42,568,5,11.09,47.79,11.1,666,39.17,15.9,60,6,4,7.79,9.46,2.11
2021,58,21735,G. Davis,63,35,549,6,12,49.29,13.39,844,52.75,24.1,63,17,11,6.46,10.88,2
2021,59,11056,A. Brown,62,42,545,4,23.48,55.81,10.64,660,94.28,15.7,62,3,4,7.7,21.6,1.95
2021,60,20038,B. Berrios,65,46,431,2,17.42,37.82,4.61,300,18.75,6.5,65,8,2,7.3,11.6,1.86
2021,61,21957,Q. Watkins,62,43,647,1,8.32,70.28,11.16,692,40.7,16.1,62,7,3,7.37,13.3,1.87
2021,62,21163,D. Harty,59,36,570,3,22.18,29.23,7.69,454,34.92,12.6,59,5,0,5.38,15.77,1.92
2021,63,16866,J. Crowder,72,51,447,2,14.4,68.39,6.26,451,37.58,8.8,72,12,2,8.22,16.86,1.52
2021,64,21754,D. Peoples-Jones,58,34,597,3,8.69,77.1,14.68,852,60.85,25.1,58,4,3,7.11,14.42,1.89
2021,65,21736,B. Edwards,58,34,571,3,7.55,75.29,14.6,847,52.93,24.9,58,7,8,7.45,10.26,1.88
2021,66,22626,R. Moore,65,54,435,1,14.9,47.49,3.26,212,15.14,3.9,65,8,1,7.88,14.28,1.68
2021,67,21734,N. Westbrook-Ikhine,56,38,476,4,8.96,58.96,10.69,599,37.43,15.8,56,11,2,7.5,11.22,1.92
2021,68,18926,Z. Jones,70,47,546,1,11.7,55.01,13.08,916,53.88,19.5,70,5,7,7.42,11.86,1.51
2021,69,18879,C. Davis,59,34,492,4,13.56,80.11,12.69,749,83.22,22,59,5,3,7.62,18.2,1.78
2021,70,16775,D. Parker,73,40,515,2,14.57,78.89,10.89,795,79.5,19.9,73,6,7,7.63,21.85,1.42
2021,71,22623,R. Bateman,67,46,515,1,11.71,68.99,7.97,534,44.5,11.6,67,5,2,7.42,15.83,1.54
2021,72,16781,N. Agholor,63,37,473,3,9.25,74.02,13.31,839,55.93,22.7,63,7,3,6.74,13.84,1.64
2021,73,21448,J. Guyton,48,31,448,3,8.52,53.06,10.6,509,31.81,16.4,48,7,6,7.5,7.72,2.02
2021,74,19172,Z. Pascal,69,38,384,3,8.67,80.3,8.59,593,37.06,15.6,69,13,5,7.1,14.55,1.37
2021,75,13227,R. Cobb,39,28,375,5,10.89,47.6,7.87,307,25.58,11,39,14,9,7.88,9.92,2.4
2021,76,22613,J. Palmer,49,33,353,4,11.21,38.98,8.67,425,25,12.9,49,8,4,7.19,7.48,1.9
2021,77,19867,M. Gallup,62,35,445,2,13.05,76.73,11.17,693,77,19.8,62,8,7,7.37,16.62,1.48
2021,78,21142,O. Zaccheaus,53,31,406,3,9.12,59.22,9.18,487,28.64,15.7,53,8,5,6.74,9.76,1.69
2021,79,18977,K. Golladay,74,37,521,0,11.54,75.05,13.28,983,70.21,26.6,74,9,7,6.21,16.59,1.2
2021,80,19897,T. Smith,50,32,377,3,10.02,67.98,9.68,484,44,15.1,50,8,7,7.7,15.01,1.75
2021,81,16263,A. Robinson II,66,38,410,1,10.98,81.65,10.21,674,56.16,17.7,66,6,5,6.36,19.24,1.32
2021,82,19976,M. Valdes-Scantling,55,26,430,3,12.52,62.8,17.45,960,87.27,36.9,55,8,4,5.95,14.62,1.58
2021,83,17218,D. Carter,43,24,296,3,8.82,45.13,10.74,462,27.17,19.2,43,4,4,6.51,8.05,2.01
2021,84,21960,F. Swain,40,25,343,4,7.22,58.13,7.97,319,18.76,12.8,40,3,2,7.5,8.45,2.16
2021,85,21692,J. Jeudy,56,38,467,0,14.43,64.45,10.46,586,58.6,15.4,56,3,0,7.05,19.92,1.52
2021,86,21694,H. Ruggs III,36,24,469,2,11.39,69.14,17.16,618,88.28,25.8,36,1,0,7.36,14.63,2.35
2021,87,21756,N. Collins,61,33,446,1,11.4,61.92,10.7,653,46.64,19.8,61,6,5,6.55,13.55,1.37
2021,88,21721,D. Duvernay,47,33,272,2,8.28,51.17,6.21,292,18.25,8.8,47,8,4,7.55,8.68,1.77
2021,89,17914,L. Treadwell,51,33,434,1,10.96,66.14,11.84,604,50.33,18.3,51,6,4,7.5,12.91,1.62
2021,90,22614,K. Toney,57,39,420,0,19.12,47.98,6.28,358,35.8,9.2,57,5,1,7.01,16.23,1.44
2021,91,21717,J. Jennings,39,24,282,5,12.22,32.48,8.25,322,20.12,13.4,39,8,3,7.69,8.96,2.11
2021,92,19017,J. Reynolds,49,29,396,2,10.56,60.1,13.08,641,53.41,22.1,49,5,5,6.78,13.03,1.64
2021,93,13291,J. Jones,48,31,434,1,12.8,58.41,11.56,555,55.5,17.9,48,7,5,6.92,15.89,1.68
2021,94,17290,A. Humphries,62,41,383,0,9.79,58.66,6.61,410,24.11,10,62,5,2,6.89,11.61,1.28
2021,95,19514,K. Cole,50,28,449,1,9.94,55.15,12.86,643,42.86,23,50,5,1,6.95,9.86,1.58
2021,96,21686,J. Reagor,57,33,299,2,8.05,66.79,8.85,505,29.7,15.3,57,5,2,7.23,12.23,1.37
2021,97,17961,S. Shepard,53,36,366,1,16.15,73.87,6.13,325,46.42,9,53,9,1,6.27,21.03,1.47
2021,98,19044,J. Agnew,40,24,229,1,15.81,41.81,7.02,281,28.1,11.7,40,3,2,6.68,11.52,1.9
2021,99,3943,D. Jackson,34,20,454,2,12.09,28.38,16.41,558,34.87,27.9,34,1,0,6.91,6.28,2.23
2021,100,14005,T. Hilton,37,23,331,3,10.97,55.79,12.59,466,46.6,20.3,37,4,4,6.48,13.35,2
2021,101,21675,T. Johnson,55,36,360,0,9.45,51.5,7.92,436,25.64,12.1,55,9,4,7,7.67,1.31
2021,102,19802,C. Ridley,52,31,281,2,17.5,90.82,9.94,517,103.4,16.7,52,11,4,7.3,27.36,1.37
2021,103,16003,S. Watkins,49,27,394,1,11.52,48.4,13.1,642,49.38,23.8,49,4,4,7.34,11.26,1.44
2021,104,18047,D. Robinson,41,25,264,3,6.45,56.09,10.78,442,26,17.7,41,4,6,7.07,6.46,1.69
2021,105,9906,D. Amendola,37,24,248,3,19.57,39.21,8.1,300,37.5,12.5,37,3,1,6.62,14.97,1.86
2021,106,20943,D. Slayton,58,26,339,2,11.46,63.48,11.24,652,50.15,25.1,58,2,3,6.25,13.55,1.18
2021,107,19961,R. McCloud,66,39,277,0,13.3,47.64,5.81,384,24,9.8,66,10,2,5.87,10.8,1
2021,108,19865,J. Washington,44,24,285,2,9.79,46.57,11.63,512,34.13,21.3,44,8,4,6.93,7.57,1.5
2021,109,18361,C. Rogers,43,30,301,1,9.81,41.32,7.62,328,20.5,10.9,43,4,2,7.73,8.72,1.51
2021,110,17141,D. Byrd,38,26,329,1,6.48,54.66,7.63,290,17.05,11.2,38,4,1,7.1,7.25,1.71
2021,111,16837,C. Conley,37,22,323,2,6.54,59.16,9.86,365,22.81,16.6,37,2,2,6.41,7.56,1.75
2021,112,19023,M. Hollins,28,14,223,4,8.66,29.44,13.42,376,22.11,26.9,28,8,6,6.25,4.68,2.15
2021,113,20979,A. Wesley,32,19,208,3,7.11,45.04,9.78,313,20.86,16.5,32,6,5,7.26,6.34,1.81
2021,114,18089,R. Higgins,47,24,275,1,10.02,50.48,10.23,481,32.06,20,47,5,2,6.59,10.82,1.22
2021,115,14865,M. Goodwin,40,20,313,1,10.25,44.67,12.52,501,35.78,25,40,3,2,5.87,9.61,1.43
2021,116,18030,C. Moore,22,21,227,2,9.69,32.52,4.95,109,9.08,5.2,22,2,0,8.63,6.06,2.53
2021,117,19043,I. McKenzie,26,20,178,1,10.44,24.34,6.15,160,10.66,8,26,5,1,8.26,4.59,2.02
2021,118,20816,L. Humphrey,18,13,249,2,8.69,33.54,10.44,188,18.8,14.5,18,1,1,7.63,6.81,2.77
2021,119,21729,Q. Cephus,23,15,204,2,10.9,64.72,10.04,231,46.2,15.4,23,3,1,6.52,12.36,2.15
2021,120,19779,B. Zylstra,25,18,250,1,7.86,37.54,10.76,269,20.69,14.9,25,3,1,6.7,5.69,1.96
2021,121,20529,C. Sims,23,15,211,2,8.33,31.54,11.91,274,19.57,18.3,23,4,4,6.95,5.48,2.12
2021,122,16308,A. Wilson,39,25,213,0,10.86,39.8,5.12,200,14.28,8,39,2,1,7.5,8,1.23
2021,123,18058,T. Sharpe,37,25,230,0,7.83,53.33,9.29,344,22.93,13.8,37,5,3,8.37,7.4,1.3
2021,124,21349,A. Dulin,21,13,173,2,7.14,27.92,12.61,265,15.58,20.4,21,2,2,6.42,4.18,2.17
2021,125,20684,M. Turner,16,12,149,3,15.09,11.25,7.75,124,8.85,10.3,16,5,2,7.03,3.03,2.81
2021,126,18896,C. Grayson Jr.,12,10,212,2,9.52,39.13,15.41,185,37,18.5,12,1,0,9.16,6.12,3.72
2021,127,18881,J. Ross,20,11,224,1,9.66,33.82,16,320,32,29.1,20,1,1,6.5,5.88,2.05
2021,128,19098,I. Ford,16,12,161,2,13.79,13.69,8.75,140,10.76,11.7,16,3,2,7.96,3.53,2.51
2021,129,18103,J. Grant Sr.,17,11,132,2,12.78,14.05,4.88,83,5.53,7.5,17,2,0,6.61,3.47,2.32
2021,130,21723,J. Proche II,20,16,202,0,10.58,19.7,9.3,186,13.28,11.6,20,1,0,7.12,4.2,1.81
2021,131,18883,J. Smith-Schuster,28,15,129,0,13.27,68.95,6.57,184,36.8,12.3,28,0,0,6.25,14.5,1.24
2021,132,19705,G. Ward,11,7,95,3,4.91,21.13,8.27,91,5.35,13,11,6,6,8.4,2.36,3.14
2021,133,19080,N. Brown,25,16,184,0,9.43,31.03,9.6,240,18.46,15,25,2,0,7.2,5.39,1.38
2021,134,19816,D. Chark Jr.,22,7,154,2,13.17,69.87,15.59,343,85.75,49,22,1,1,5.68,16.17,1.56
2021,135,16787,B. Perriman,18,11,167,1,12.41,36.25,10.05,181,30.16,16.5,18,3,2,6.66,6.81,1.86
2021,136,22588,A. Schwartz,23,10,135,1,8.39,31.56,17.21,396,28.28,39.6,23,2,1,6.3,5.73,1.45
2021,137,22685,T. Marshall Jr.,30,17,138,0,7.31,48.23,6.36,191,14.69,11.2,30,3,1,6.75,6.88,1.09
2021,138,13878,M. Sanu Sr.,24,15,177,0,10.81,46.05,9.5,228,28.5,15.2,24,4,0,7.08,10.34,1.36
2021,139,21005,P. Campbell,20,10,162,1,10.63,52.07,16,320,53.33,32,20,1,0,7.12,10.86,1.61
2021,140,20679,K. Hodge,27,13,157,0,12,23.38,10.66,288,18,22.2,27,5,1,5.74,5.4,1.14
2021,141,22595,I. Smith-Marsette,6,5,116,2,7.22,16.73,22,132,16.5,26.4,6,1,1,9.16,2.39,4.77
2021,142,20792,N. Harry,22,12,184,0,7.4,41.07,14.36,316,26.33,26.3,22,1,1,7.04,6.3,1.29
2021,143,22569,D. Eskridge,20,10,64,1,10.86,32.5,13.05,261,26.1,26.1,20,4,3,6.5,6.94,1.42
2021,144,22686,D. Brown,25,12,165,0,7.76,34.47,15.16,379,25.26,31.6,25,3,2,7,5.47,1.12
2021,145,19854,D. Pettis,16,10,87,1,22.53,36.41,5.62,90,30,9,16,2,0,6.56,14.03,1.58
2021,146,18209,M. Johnson,19,9,160,0,10,44.08,8.57,163,23.28,18.1,19,3,1,6.05,9.09,1.31
2021,147,22590,B. Skowronek,20,11,133,0,12.34,18.36,8.4,168,12,15.3,20,2,1,7.5,3.93,1.22
2021,148,20081,T. Sherfield,20,9,87,1,8.23,23.34,8.05,161,9.47,17.9,20,4,1,6.12,4.35,1.18
2021,149,21730,C. Johnson,21,11,105,0,10.99,26.12,9.19,193,16.08,17.5,21,1,0,5.59,5.15,1.02
2021,150,21741,D. Mims,23,8,133,0,8.55,40.63,12.82,295,26.81,36.9,23,2,2,6.52,6.05,0.93
2021,151,21368,T. Benson,22,10,103,0,8.97,47.85,7.18,158,19.75,15.8,22,1,2,5.79,7.94,0.92
2021,152,20398,E. St. Brown,17,9,98,0,6.27,32.45,9,153,11.76,17,17,4,0,6.91,3.86,1.19
2021,153,22417,K. Wilkerson,8,4,42,2,12.12,35.1,16.87,135,45,33.8,8,2,2,7.5,10,2.52
2021,154,21078,J. Smith,17,8,113,0,7.83,29.12,11.23,191,15.91,23.9,17,0,0,6.76,4.13,1.13
2021,155,21138,S. Miller,9,5,38,0,6.92,22.14,7,63,7,12.6,9,0,0,5.27,2.34,2.12
2021,156,15196,K. Stills,23,6,68,1,8.81,29.12,17.56,404,31.07,67.3,23,2,2,5.21,6.02,0.82
2021,157,21556,T. Kennedy,10,6,54,0,6.53,21.67,7.3,73,6.08,12.2,10,1,1,7.25,2.63,1.84
2021,158,16790,P. Dorsett II,14,7,110,0,16.86,21.5,13.64,191,31.83,27.3,14,1,0,6.96,7,1.29
2021,159,18992,D. Westbrook,15,10,68,0,7.57,20.56,7.26,109,7.26,10.9,15,1,1,6.5,2.95,1.12
2021,160,22609,S. Smith,10,6,104,0,10.86,24.14,7,70,11.66,11.7,10,1,0,5.75,5.07,1.61
2021,161,22591,D. Fitzpatrick,8,5,49,1,9.52,32.68,8.87,71,17.75,14.2,8,2,2,5.93,6.89,1.99
2021,162,22572,D. Milne,14,9,83,0,8.97,19.25,6.35,89,6.84,9.9,14,1,1,7.32,3.46,1.1
2021,163,19864,A. Miller,12,6,25,1,14.45,55.33,8.08,97,32.33,16.2,12,1,1,5.83,14.28,1.21
2021,164,14587,J. Gordon,14,5,32,1,6.54,26.22,10.28,144,12,28.8,14,2,1,6.6,3.05,1.01
2021,165,14828,C. Hogan,8,4,41,1,12.5,17.77,6.87,55,11,13.8,8,2,1,4.68,6.95,1.76
2021,166,20988,P. Williams,16,6,71,0,9.52,31.57,5.87,94,11.75,15.7,16,4,4,7.5,5.59,0.86
2021,167,20057,A. Tate,4,3,39,1,4.21,23.05,2,8,1.14,2.7,4,1,0,5.62,1.93,3.22
2021,168,20793,P. Hart,12,7,59,0,9.16,13.74,9.16,110,6.47,15.7,12,1,0,6.87,2.53,1.08
2021,169,21759,K. Hamler,10,5,74,0,11.36,44.89,20.1,201,67,40.2,10,1,1,7.25,10.75,1.24
2021,170,21115,J. Winfree,13,8,58,0,9.92,29.63,5,65,9.28,8.1,13,3,1,7.11,5.67,0.91
2021,171,22596,J. Darden,12,6,43,0,15,13.58,13.08,157,17.44,26.2,12,0,0,5.41,3.16,0.95
2021,172,20372,C. Batson,5,2,15,1,8.47,22.09,17.8,89,22.25,44.5,5,2,2,6,4.13,2.2
2021,173,11565,A. Roberts,2,1,35,0,6.25,3.13,0,0,0,0,2,1,0,0,0.35,5.2
2021,174,22244,J. Bradley,4,4,64,0,5.97,21.47,12,48,9.6,12,4,0,0,7.5,2.64,2.6
2021,175,8662,M. Thomas,11,5,52,0,9.01,17.32,3.45,38,3.16,7.6,11,0,0,2.95,3.1,0.93
2021,176,21959,D. Patmon,4,2,21,1,6.89,11.76,10.75,43,5.37,21.5,4,1,1,7.5,1.9,2.52
2021,177,18928,C. Samuel,9,6,27,0,11.25,23.18,1.55,14,2.8,2.3,9,0,0,6.94,5.29,1.09
2021,178,19200,C. Board,6,4,51,0,8.1,19.17,8.33,50,8.33,12.5,6,1,0,5.41,2.67,1.62
2021,179,22575,A. Rodgers,8,4,45,0,8.24,9.7,4,32,2,8,8,2,0,6.87,1.51,1.2
2021,180,17916,W. Fuller V,8,4,26,0,11.59,53.9,16.75,134,67,33.5,8,0,1,7.81,10.38,1.08
2021,181,21178,J. Moore Jr.,4,3,56,0,8.69,36.22,14.25,57,28.5,19,4,0,0,9.37,6.25,2.15
2021,182,18197,A. Erickson,4,3,55,0,7.54,4.79,6.25,25,1.47,8.3,4,0,0,5.62,0.7,2.12
2021,183,16141,W. Snead IV,8,4,38,0,13.33,10.23,6.87,55,6.11,13.8,8,2,0,6.56,2.58,0.98
2021,184,18039,P. Cooper,11,4,33,0,7.63,29.87,6.54,72,9,18,11,2,0,6.81,4.58,0.69
2021,185,19280,C. Hollister,7,4,33,0,4.89,68.09,9.85,69,23,17.2,7,1,0,6.07,8.53,1.04
2021,186,21071,G. Dortch,3,3,15,0,9.67,9.45,-4,-12,-2.4,-4,3,1,0,9.16,1.76,2.3
2021,187,21473,D. Montgomery,6,3,36,0,13.33,25.42,6.33,38,12.66,12.7,6,1,0,8.75,6.66,1.1
2021,188,20224,C. Blake,10,4,25,0,10.98,9.71,8.2,82,5.12,20.5,10,2,2,5.5,1.94,0.65
2021,189,19064,T. Taylor,3,2,41,0,9.67,13.08,13.33,40,10,20,3,1,0,7.5,2.23,2.03
2021,190,20487,B. Powell,0,0,0,0,0,0,0,0,0,,0,0,0,,0,
2021,191,21601,G. Olszewski,3,2,31,0,4.83,6.28,9.66,29,1.81,14.5,3,0,0,10,0.6,2
2021,192,21758,K. Hill Jr.,3,3,30,0,25,3.04,0,0,0,0,3,0,0,0,1.27,2
2021,193,21263,T. Irwin,5,2,34,0,6.94,17.39,17,85,12.14,42.5,5,1,1,8,2.28,1.08
2021,194,16768,K. White,5,1,38,0,10.86,10.87,31.4,157,26.16,157,5,0,0,7,2.61,0.96
2021,195,17289,J. Kumerow,6,2,28,0,5.26,11.05,14,84,5.6,42,6,2,1,7.08,1.08,0.8
2021,196,20071,K. Kirkwood,7,3,16,0,10.14,34.15,7.71,54,18,18,7,1,1,6.78,6.73,0.66
2021,197,22620,M. Strachan,3,2,26,0,5.35,16.96,18,54,10.8,27,3,0,0,6.66,1.84,1.53
2021,198,19361,M. Kemp,5,2,24,0,7.81,6,7,35,2.18,17.5,5,0,0,5,0.83,0.88
2021,199,22608,S. Williams,1,1,34,0,2.22,40.54,30,30,15,30,1,0,0,7.5,1.96,4.4
2021,200,22573,D. Newsome,5,2,23,0,5.31,43.31,3.4,17,5.66,8.5,5,0,0,4,4.27,0.86
2021,201,22604,T. Wallace,6,2,23,0,7.69,6.7,2.5,15,0.88,7.5,6,1,0,4.16,1.03,0.72
2021,202,20939,D. Sills V,6,2,17,0,6.25,37.79,7,42,10.5,21,6,0,0,4.58,5.21,0.62
2021,203,20838,T. Johnson,5,2,16,0,7.93,9.78,14.4,72,7.2,36,5,0,0,5.5,1.4,0.72
2021,204,17048,T. Williams,3,2,14,0,8.1,45.12,4.33,13,13,6.5,3,1,0,5.83,5.45,1.13
2021,205,20886,S. Morgan,4,2,11,0,3.47,11.01,8.5,34,2,17,4,0,0,6.87,0.74,0.85
2021,206,18673,J. Mickens,3,2,10,0,27.27,1.53,2.33,7,0.63,3.5,3,0,0,5.83,0.71,1
2021,207,21311,D. Davis,3,1,17,0,15,15.87,2.33,7,3.5,7,3,0,0,5,4.05,0.9
2021,208,22594,F. Darby,4,1,14,0,26.66,2.7,19,76,7.6,76,4,0,1,6.25,1.35,0.6
2021,209,20820,A. Isabella,1,1,13,0,3.84,4.74,7,7,0.87,7,1,0,0,7.5,0.33,2.3
2021,210,22339,K. Merritt,3,1,13,0,50,4.68,18.33,55,27.5,55,3,0,0,8.33,3.89,0.77
2021,211,18717,M. Hall,1,1,10,0,16.66,6.74,5,5,2.5,5,1,0,0,10,1.92,2
2021,212,21746,T. Black,2,1,10,0,0,0,0,0,0,0,2,0,0,0,10.52,1
2021,213,18401,T. Lewis,2,1,7,0,50,3.1,3,6,3,6,2,1,0,6.25,3.92,0.85
2021,214,21037,M. Boykin,1,1,6,0,3.44,5.28,6,6,0.75,6,1,0,0,7.5,0.33,1.6
2021,215,19937,K. Coutee,1,1,5,0,4.34,18.4,5,5,2.5,5,1,0,0,10,1.85,1.5
2021,216,21169,M. Taylor,3,2,14,0,11.53,4.12,9,27,2.7,13.5,3,2,0,8.33,0.91,0.47
2021,217,22622,R. McMath,6,2,8,0,6.52,14.67,7.33,44,4.88,22,6,2,1,5.41,2.06,0.13
2021,218,7651,M. Slater,0,0,0,0,0,0.28,0,0,0,,0,0,0,,0,
2021,219,15974,J. Matthews,0,0,0,0,0,0,0,0,0,,0,0,0,,0,
2021,220,16640,J. Brown,3,0,0,0,27.27,4.56,11,33,8.25,,3,0,0,0.83,2.06,0
2021,221,18269,G. Allison,2,0,0,0,4.44,23.31,10,20,6.66,,2,1,0,1.25,2.12,0
2021,222,19054,R. Adams,1,0,0,0,11.11,12.5,18,18,18,,1,0,0,7.5,2.5,0
2021,223,19120,D. Moore,2,0,0,0,8.69,12.04,19,38,12.66,,2,0,0,3.75,1.75,0
2021,224,19184,J. Natson,0,0,0,0,0,5.61,0,0,0,,0,0,0,,0,
2021,225,19755,R. Cracraft,0,0,0,0,0,0,0,0,0,,0,0,0,,0,
2021,226,19811,M. Ateman,0,0,0,0,0,0,0,0,0,,0,0,0,,0,
2021,227,19922,J. Watson,0,0,0,0,0,0,0,0,0,,0,0,0,,0,
2021,228,19981,D. Fountain,0,0,0,0,0,1.49,0,0,0,,0,0,0,,0,
2021,229,20295,V. Smith,1,0,0,0,3.84,23.21,18,18,9,,1,1,1,2.5,1.61,0
2021,230,20376,J. Veasy,0,0,0,0,0,19.32,0,0,0,,0,0,0,,0,
2021,231,20762,T. Fulgham,0,0,0,0,0,3.5,0,0,0,,0,0,0,,0,
2021,232,20835,K. Johnson,0,0,0,0,0,3.22,0,0,,,0,0,0,,0,
2021,233,20963,C. Thompson,0,0,0,0,0,0.74,0,0,0,,0,0,0,,0,
2021,234,21295,N. Webster,0,0,0,0,0,0.27,0,0,0,,0,0,0,,0,
2021,235,21400,S. Sims,0,0,0,0,0,4.93,0,0,0,,0,0,0,,0,
2021,236,21728,L. Cager,0,0,0,0,0,1.51,0,0,0,,0,0,0,,0,
2021,237,21731,J. Hightower,0,0,0,0,0,3.5,0,0,0,,0,0,0,,0,
2021,238,21737,T. Cleveland,1,0,0,0,3.84,6.29,6,6,0.85,,1,1,0,7.5,0.44,0
2021,239,21742,A. Gandy-Golden,0,0,0,0,0,5.49,0,0,0,,0,0,0,,0,
2021,240,21751,A. Fuller,0,0,0,0,0,0,0,0,0,,0,0,0,,0,
2021,241,21760,I. Hodgins,0,0,0,0,0,3.89,0,0,0,,0,0,0,,0,
2021,242,21967,I. Coulter,1,0,0,0,7.69,10.23,23,23,11.5,,1,0,0,2.5,1.42,0
2021,243,21969,A. Parker,0,0,0,0,0,0,0,0,0,,0,0,0,,0,
2021,244,22276,D. Harris,0,0,0,0,0,1.63,0,0,0,,0,0,0,,0,
2021,245,22345,D. Chisena,0,0,0,0,0,3.48,0,0,0,,0,0,0,,0,
2021,246,22602,T. Atwell,0,0,0,0,0,1.62,0,0,0,,0,0,0,,0,
2021,247,22615,K. Baker,0,0,0,0,0,0,0,0,0,,0,0,0,,0,
2021,248,22618,M. Stevenson,0,0,0,0,0,1.43,0,0,0,,0,0,0,,0,
2021,249,22635,J. Camp,0,0,0,0,0,29.83,0,0,0,,0,0,0,,0,
2021,250,22638,D. Stoner,0,0,0,0,0,4.93,0,0,0,,0,0,0,,0,
2021,251,22645,S. Fehoko,0,0,0,0,0,1.17,0,0,0,,0,0,0,,0,
2021,252,21294,A. Bachman,0,0,0,0,0,15.42,0,0,0,,0,0,0,,0,
2021,253,13887,T. Benjamin,4,0,0,0,11.42,5.66,21,84,8.4,,4,0,0,3.75,1.59,-0.5
2021,254,20722,D. Spencer,4,1,-3,0,8.51,5.07,2.5,10,0.66,10,4,1,1,6.25,0.85,-0.82
2021,255,22533,D. Felton,21,18,181,2,16.4,12.85,0.61,13,0.81,0.7,21,2,0,,4.55,
2020,1,16470,D. Adams,148,115,1374,18,19.91,85.1,8.83,1308,93.42,11.4,148,27,11,487,33.86,2.42
2020,2,18082,T. Hill,135,87,1276,15,15.77,84.92,12.93,1746,116.4,20.1,135,19,13,382,23.39,2.44
2020,3,16906,S. Diggs,166,127,1535,8,18.38,87.5,10.33,1716,107.25,13.5,166,15,10,507,29.07,1.98
2020,4,14986,D. Hopkins,160,115,1407,6,16.19,91.05,8.76,1403,87.68,12.2,160,18,10,484,29.41,1.8
2020,5,19802,C. Ridley,143,90,1374,9,17.78,79.21,14.42,2063,137.53,22.9,143,22,17,422,25.76,1.97
2020,6,21685,J. Jefferson,125,88,1400,7,14.68,82.3,11.92,1490,93.12,16.9,125,12,8,380,26.48,2.19
2020,7,20875,D. Metcalf,129,83,1303,10,13.69,92.26,13.82,1783,111.43,21.5,129,16,14,390,24.06,2.1
2020,8,16830,T. Lockett,132,100,1054,10,14.6,88.54,9.74,1286,80.37,12.9,132,16,14,416,24.62,2.01
2020,9,16263,A. Robinson II,151,102,1250,6,16.98,84.42,9.86,1490,93.12,14.6,151,19,14,417,25.37,1.74
2020,10,15534,A. Thielen,108,74,925,14,12.2,92.09,11.95,1291,86.06,17.4,108,20,20,332,25.17,2.35
2020,11,16597,M. Evans,109,70,1006,13,13.49,79.37,12.14,1324,82.75,18.9,109,19,16,308,17.98,2.28
2020,12,21042,A. Brown,106,70,1075,11,14.62,81.18,10.66,1130,80.71,16.1,106,12,5,300,25.85,2.33
2020,13,14871,R. Woods,129,90,936,6,13.39,88.75,7.15,923,57.68,10.3,129,12,5,369,22.95,1.9
2020,14,15076,K. Allen,147,100,992,8,17.75,81.01,7.36,1082,77.28,10.8,147,16,11,436,27.12,1.67
2020,15,16765,A. Cooper,130,92,1114,5,13.94,84.26,8.73,1136,71,12.3,130,15,11,379,21.13,1.82
2020,16,18883,J. Smith-Schuster,128,97,831,9,14.79,81.83,5.74,735.5,45.96,7.6,128,18,9,385,19.63,1.83
2020,17,16568,B. Cooks,119,81,1150,6,15.39,88.74,11.37,1354,90.26,16.7,119,11,8,356,23.94,1.95
2020,18,13870,M. Jones Jr.,115,76,978,9,13,89.56,12.15,1398,87.37,18.4,115,14,11,337,20.57,1.98
2020,19,18187,R. Anderson,136,95,1096,3,17.57,77.86,9.76,1328,83,14,136,14,6,443,26.25,1.65
2020,20,20873,T. McLaurin,134,87,1118,4,14.61,93,9.83,1318,87.86,15.1,134,13,6,388,25.42,1.67
2020,21,21077,D. Johnson,144,88,923,7,20.66,70.05,8.17,1177,78.46,13.4,144,11,6,409,22.89,1.54
2020,22,21679,C. Lamb,111,74,935,5,15.14,66.27,8.9,988,61.75,13.4,111,11,6,322,18.04,1.96
2020,23,21752,C. Claypool,109,62,873,9,16.95,60.83,13.28,1448,90.5,23.4,109,13,10,312,16.71,1.97
2020,24,18928,C. Samuel,97,77,851,3,15.2,68.45,7.15,694,46.26,9,97,12,1,303,19.71,2.19
2020,25,19844,D. Moore,118,66,1193,4,14.67,86.54,13.34,1575,105,23.9,118,8,9,325,24.58,1.79
2020,26,18882,C. Kupp,124,92,974,3,15.44,79.11,6.6,819,54.6,8.9,124,13,3,363,23.61,1.68
2020,27,14141,C. Beasley,107,82,967,4,17.09,64.66,7.93,849,56.6,10.4,107,9,4,320,20.03,1.94
2020,28,21690,T. Higgins,108,67,908,6,14.11,74.48,11.68,1262,78.87,18.8,108,11,7,341,19.08,1.8
2020,29,17986,T. Boyd,110,79,841,4,15.42,74.5,8.88,977,65.13,12.4,110,14,4,341,20.83,1.75
2020,30,18879,C. Davis,92,65,984,5,13.33,77.35,11.86,1092,78,16.8,92,8,8,268,23.11,2.08
2020,31,18880,C. Godwin,84,65,840,7,13.12,84.54,10.3,866,72.16,13.3,84,9,5,263,18.87,2.27
2020,32,17916,W. Fuller V,75,53,879,8,13.61,87.04,13.06,980,89.09,18.5,75,8,6,219,21.49,2.52
2020,33,16020,J. Landry,101,72,840,3,15.25,70.42,7.96,804,53.6,11.2,101,17,9,269,24.51,1.86
2020,34,16781,N. Agholor,82,48,896,8,11.73,67.73,15.52,1273,79.56,26.5,82,12,11,233,16.2,2.26
2020,35,21747,B. Aiyuk,96,60,748,5,13.65,87,9.12,876,73,14.6,96,14,5,267,24.18,1.92
2020,36,21045,M. Brown,100,58,769,8,12.75,78.79,12.98,1298,81.12,22.4,100,11,11,270,26.31,1.83
2020,37,20006,R. Gage,110,72,786,4,15.19,66.78,8.61,948,59.25,13.2,110,16,8,323,18.64,1.65
2020,38,19867,M. Gallup,105,59,843,5,10.74,88.33,11.88,1248,78,21.2,105,13,10,270,17.07,1.65
2020,39,16866,J. Crowder,88,59,699,6,15.3,79.75,7.47,658,54.83,11.2,88,10,4,252,24.71,1.95
2020,40,16775,D. Parker,103,63,793,4,14.99,77.45,10.44,1076,76.85,17.1,103,14,14,308,21.19,1.61
2020,41,11063,E. Sanders,82,61,726,5,15.32,53.07,8.85,726,51.85,11.9,82,14,7,240,19.15,2.01
2020,42,14005,T. Hilton,93,56,762,5,14.26,65.72,12.53,1166,77.73,20.8,93,10,7,279,18.82,1.77
2020,43,17961,S. Shepard,90,66,656,3,17.01,71.68,8.45,761,63.41,11.5,90,11,4,255,23.31,1.81
2020,44,19207,T. Patrick,79,51,742,6,10.91,75.81,12.44,983,65.53,19.3,79,10,3,201,15.95,2.04
2020,45,21692,J. Jeudy,113,52,856,3,14.19,78.5,13.59,1536,96,29.5,113,8,8,274,21.2,1.39
2020,46,21697,L. Shenault Jr.,79,58,600,5,14.23,62.15,6.55,518,37,8.9,79,11,5,227,15.31,1.99
2020,47,19514,K. Cole,88,55,642,5,11.64,74.85,10.84,954,59.62,17.3,88,10,5,245,15.09,1.77
2020,48,18914,M. Williams,85,48,756,5,11.08,69.79,14.76,1255,83.66,26.1,85,10,11,236,14.65,1.81
2020,49,19816,D. Chark Jr.,93,53,706,5,13.63,83.78,13.97,1300,100,24.5,93,12,7,246,19.87,1.65
2020,50,21961,D. Mooney,98,61,631,4,12.74,73.02,11.8,1157,72.31,19,98,9,8,278,16.47,1.55
2020,51,19815,C. Kirk,79,48,621,6,10.6,76.56,12,948,67.71,19.8,79,14,7,215,16.32,1.85
2020,52,13291,J. Jones,68,51,771,3,14.84,72.92,11.27,767,85.22,15,68,11,6,197,20.35,2.15
2020,53,20876,J. Meyers,81,59,729,0,12.61,75.88,10.61,860,61.42,14.6,81,5,3,223,23.2,1.76
2020,54,20943,D. Slayton,97,50,751,3,11.56,87.21,13.73,1332,83.25,26.6,97,8,7,253,19.4,1.45
2020,55,19976,M. Valdes-Scantling,63,33,690,6,8.26,76.81,17.46,1100,68.75,33.3,63,6,3,181,12.6,2.18
2020,56,19172,Z. Pascal,71,44,629,5,9.11,73.69,10.94,777,48.56,17.7,71,14,6,214,13.29,1.93
2020,57,21735,G. Davis,62,35,599,7,8.38,71.6,15.43,957,59.81,27.3,62,12,12,169,10.85,2.21
2020,58,19705,G. Ward,79,53,419,6,10.5,68.36,5.86,463,28.93,8.7,79,8,4,227,14.08,1.68
2020,59,20924,H. Renfrow,77,56,656,2,15,49.7,7.16,552,34.5,9.9,77,8,2,231,15.21,1.71
2020,60,19318,K. Bourne,74,49,667,2,11.26,65.63,9.32,690,46,14.1,74,11,3,228,15.04,1.75
2020,61,20788,M. Hardman,62,41,560,4,13.44,43.57,10.29,638,39.87,15.6,62,4,4,187,10.19,2.07
2020,62,19017,J. Reynolds,81,52,618,2,10.57,70.59,10.07,816,51,15.7,81,5,4,236,14.41,1.53
2020,63,18089,R. Higgins,52,37,599,4,10.74,60.12,14.03,730,56.15,19.7,52,8,6,138,14.24,2.32
2020,64,19120,D. Moore,47,35,417,6,10,46.03,9.02,424,26.5,12.1,47,13,7,148,8.76,2.53
2020,65,11056,A. Brown,61,45,483,4,20.13,61.46,8.7,531,66.37,11.8,61,6,3,180,19.86,1.92
2020,66,20762,T. Fulgham,67,38,539,4,12.78,60.09,12.76,855,65.76,22.5,67,10,9,182,15.43,1.73
2020,67,17141,D. Byrd,77,47,604,1,8.76,90.15,10.81,833,52.06,17.7,77,2,1,214,18.73,1.49
2020,68,12845,A. Green,104,47,523,2,12.66,79.94,13.23,1376,86,29.3,104,9,10,275,18.37,1.07
2020,69,19864,A. Miller,76,49,485,2,13.38,53.94,8.88,675,42.18,13.8,76,9,8,211,12.77,1.43
2020,70,18047,D. Robinson,59,45,466,3,8.5,65.59,8.67,512,32,11.4,59,6,6,178,9.7,1.82
2020,71,9906,D. Amendola,69,46,602,0,15.86,50.81,8.31,574,41,12.5,69,6,2,198,14.19,1.54
2020,72,19897,T. Smith,50,34,448,4,7.7,66.08,8.92,446,31.85,13.1,50,8,4,143,11.13,2.06
2020,73,21138,S. Miller,53,33,501,3,12.58,41.35,16.11,854,53.37,25.9,53,4,5,153,8.74,1.93
2020,74,5571,L. Fitzgerald,72,54,409,1,10.3,77.32,6.18,445,34.23,8.2,72,7,3,227,16.1,1.4
2020,75,13227,R. Cobb,48,38,441,3,13.44,61.34,6.7,322,32.2,8.5,48,7,5,145,14.72,2.09
2020,76,19043,I. McKenzie,34,30,282,5,13.22,24.9,4.97,169,10.56,5.6,34,7,1,104,5.95,2.93
2020,77,19865,J. Washington,56,30,392,5,12.14,43.61,12.71,712,44.5,23.7,56,7,6,148,8.58,1.77
2020,78,16787,B. Perriman,60,30,505,3,9.55,89.97,14.93,896,74.66,29.9,60,6,6,160,17.85,1.65
2020,79,21744,M. Pittman Jr.,61,40,503,1,9.21,75.91,8.49,518,39.84,13,61,9,0,174,14.12,1.62
2020,80,20145,A. Lazard,46,33,451,3,10.24,72.41,9.5,437,43.7,13.2,46,6,4,151,15.28,2.13
2020,81,20038,B. Berrios,55,37,394,3,19.92,28.93,7.43,409,25.56,11.1,55,5,1,158,11.85,1.77
2020,82,16837,C. Conley,63,40,471,2,14.61,45.46,10.66,672,44.8,16.8,63,6,6,178,11.45,1.54
2020,83,21448,J. Guyton,55,28,511,3,6.3,76.02,16.89,929,58.06,33.2,55,7,6,156,9.1,1.77
2020,84,16640,J. Brown,52,33,458,3,12.2,76.07,12.92,672,74.66,20.4,52,8,3,150,16.93,1.86
2020,85,16141,W. Snead IV,48,33,432,3,9.48,61.78,8.91,428,32.92,13,48,8,2,142,14.63,1.96
2020,86,21759,K. Hamler,56,30,381,3,11.66,58.82,10.16,569,43.76,19,56,4,2,149,12.81,1.61
2020,87,16003,S. Watkins,55,37,421,2,10.78,74.23,8.07,444,44.4,12,55,8,3,157,14.03,1.61
2020,88,18103,J. Grant Sr.,54,36,373,1,14.51,42.75,10.29,556,39.71,15.4,54,4,1,165,11.71,1.62
2020,89,21686,J. Reagor,54,31,396,1,10.62,68.55,13.4,724,65.81,23.4,54,8,6,142,14.4,1.61
2020,90,19937,K. Coutee,40,33,400,3,14.81,58.82,9.82,393,49.12,11.9,40,11,5,124,14.86,2.18
2020,91,16389,O. Beckham Jr.,43,23,319,3,13.78,72.22,13.83,595,85,25.9,43,6,5,107,22.16,2.02
2020,92,11611,G. Tate,52,35,388,2,12.8,56.78,9.13,475,39.58,13.6,52,5,3,166,14.36,1.66
2020,93,20529,C. Sims,49,32,477,1,8.07,57.53,10.24,502,31.37,15.7,49,3,2,136,8.53,1.76
2020,94,21694,H. Ruggs III,43,26,452,2,7.76,66.5,17.39,748,57.53,28.8,43,2,2,123,10.61,1.96
2020,95,17960,M. Thomas,55,40,438,0,16.41,69.64,9.5,523,74.71,13.1,55,11,0,160,27.91,1.53
2020,96,20932,D. Samuel,44,33,391,1,15.33,60.8,2.63,116,16.57,3.5,44,2,0,133,18.56,1.83
2020,97,20838,T. Johnson,26,20,398,3,10.23,30.31,18.84,490,40.83,24.5,26,1,1,77,5.7,3.06
2020,98,20988,P. Williams,35,18,288,4,11.32,64.5,15.48,542,67.75,30.1,35,6,7,101,14.4,2.14
2020,99,20792,N. Harry,57,33,309,2,9.93,68.57,8.35,476,34,14.4,57,10,4,142,16.01,1.3
2020,100,21037,M. Boykin,33,19,266,4,6.21,53.36,11.75,388,24.25,20.4,33,6,5,81,8.68,2.11
2020,101,21729,Q. Cephus,35,20,349,2,10.35,42.35,14.48,507,39,25.4,35,4,2,91,7.67,1.91
2020,102,18977,K. Golladay,32,20,338,2,14.22,73.05,14.65,469,93.8,23.4,32,4,3,91,19.63,2.06
2020,103,20077,R. James,35,23,394,1,9.48,56.16,10.14,355,35.5,15.4,35,4,0,103,10.76,1.84
2020,104,19916,D. Hamilton,44,23,293,2,8.61,50.39,13.72,604,37.75,26.3,44,7,2,110,8.25,1.42
2020,105,21741,D. Mims,45,23,357,0,10.32,84.49,14.08,634,70.44,27.6,45,4,3,126,18.98,1.35
2020,106,18717,M. Hall,32,18,302,2,9.49,43.59,16.84,539,44.91,29.9,32,2,2,99,7.42,1.88
2020,107,21730,C. Johnson,31,18,272,2,13.96,25.19,13.19,409,29.21,22.7,31,5,6,79,6.11,1.91
2020,108,21754,D. Peoples-Jones,20,14,304,2,8.03,33.06,17.15,343,28.58,24.5,20,1,1,62,5.95,2.92
2020,109,17290,A. Humphries,35,23,228,2,16.5,45.98,9.6,336,48,14.6,35,6,2,98,14.7,1.65
2020,110,21400,S. Sims,37,27,265,1,10.1,46.15,7.75,287,23.91,10.6,37,3,2,112,8.39,1.55
2020,111,8355,J. Edelman,39,21,315,0,15.05,68.7,10.28,401,66.83,19.1,39,4,1,103,22.8,1.44
2020,112,19098,I. Ford,44,28,276,0,12.29,56.55,8.95,394,39.4,14.1,44,5,1,128,13.13,1.26
2020,113,20820,A. Isabella,35,21,224,2,12.41,32.71,11.22,393,30.23,18.7,35,3,2,94,8.13,1.57
2020,114,21743,L. Bowden Jr.,37,28,211,0,11.82,45.96,5.05,187,18.7,6.7,37,2,1,119,9.58,1.45
2020,115,21142,O. Zaccheaus,32,20,274,1,11.18,37.09,14.03,449,40.81,22.4,32,2,3,84,7.9,1.67
2020,116,21721,D. Duvernay,26,20,201,0,7.69,33.96,6.65,173,10.81,8.6,26,2,0,70,6.84,2.04
2020,117,20013,C. Wilson Jr.,28,17,189,2,14.65,17.26,8.75,245,15.31,14.4,28,5,2,72,4.55,1.84
2020,118,20582,C. Beebe,30,20,201,2,9.93,32.33,5.96,179,12.78,9,30,4,2,85,7.07,1.67
2020,119,21163,D. Harty,25,20,186,1,15.24,25.9,3.8,95,10.55,4.8,25,3,1,78,8.86,1.91
2020,120,21739,V. Jefferson,31,19,220,1,12.7,22.48,11.38,353,22.06,18.6,31,3,1,84,5.51,1.51
2020,121,19021,C. Hansen,24,17,236,1,9.19,88.47,12.2,293,58.6,17.2,24,0,0,67,13.71,1.94
2020,122,16728,D. Inman,28,18,163,2,9.09,47.16,8.67,243,24.3,13.5,28,2,2,70,8.48,1.65
2020,123,21755,I. Wright,35,27,197,0,10.51,36.07,4.65,163,11.64,6,35,4,0,112,6.74,1.32
2020,124,3943,D. Jackson,26,14,236,1,15.56,44.29,16.8,437,87.4,31.2,26,2,1,56,12.87,1.72
2020,125,13878,M. Sanu Sr.,24,17,187,1,9.37,40.57,12.12,291,29.1,17.1,24,2,2,69,6.89,1.83
2020,126,21750,M. Callaway,27,21,213,0,10.46,31.73,7.85,212,19.27,10.1,27,3,0,79,8.23,1.57
2020,127,20150,B. Pringle,17,13,160,1,7.79,25.26,10.64,181,13.92,13.9,17,3,1,46,3.47,2.41
2020,128,21675,T. Johnson,18,12,169,2,7.4,27.15,10.5,189,13.5,15.8,18,4,4,52,3.35,2.27
2020,129,21960,F. Swain,21,13,159,2,6.46,31.83,11.19,235,14.68,18.1,21,4,2,58,3.91,1.95
2020,130,18209,M. Johnson,28,14,255,0,9.82,39.91,17.28,484,44,34.6,28,1,1,72,7.4,1.41
2020,131,19023,M. Hollins,25,16,176,1,9.25,26.52,9.76,244,15.25,15.2,25,2,1,86,4.58,1.5
2020,132,18926,Z. Jones,20,14,154,1,7.38,26.25,6.75,135,8.43,9.6,20,4,2,57,3.95,1.83
2020,133,21736,B. Edwards,15,11,193,1,6.19,31.71,9.8,147,12.25,13.4,15,1,2,45,3.93,2.42
2020,134,20836,B. Johnson,19,14,189,0,11.8,31.38,10.78,205,25.62,14.6,19,0,1,67,7.78,1.84
2020,135,21078,J. Smith,37,17,167,0,12.93,40.16,12.67,469,39.08,27.6,37,2,2,90,10.48,0.91
2020,136,20835,K. Johnson,23,15,173,0,11.44,37.57,11.21,258,32.25,17.2,23,2,1,71,8.24,1.4
2020,137,19961,R. McCloud,22,20,77,0,15.6,13.33,-0.9,-20,-1.25,-1,22,1,0,64,3.37,1.46
2020,138,15196,K. Stills,19,11,144,1,12.33,26.46,12.15,231,23.1,21,19,1,1,59,5.82,1.65
2020,139,8662,M. Thomas,21,13,132,1,10.93,20.96,8.61,181,12.92,13.9,21,1,1,62,4.24,1.44
2020,140,20372,C. Batson,13,12,100,1,4.56,36.86,6.53,85,7.08,7.1,13,1,1,39,3.82,2.31
2020,141,19080,N. Brown,23,14,154,0,12.36,16.81,10.86,250,15.62,17.9,23,2,0,67,3.73,1.3
2020,142,20487,B. Powell,18,12,69,2,10.34,17.17,4.72,85,5.66,7.1,18,5,2,50,3.27,1.64
2020,143,19044,J. Agnew,20,13,89,0,11.04,21.09,4.85,97,6.92,7.5,20,3,0,59,4.13,1.46
2020,144,20057,A. Tate,22,14,150,0,14.56,25.98,9.72,214,23.77,15.3,22,4,3,62,6.62,1.32
2020,145,20679,K. Hodge,17,11,180,0,6.34,48.81,16.76,285,31.66,25.9,17,3,0,36,7.72,1.71
2020,146,21731,J. Hightower,29,10,167,0,8.84,37.1,20.79,603,46.38,60.3,29,3,2,64,6.29,0.99
2020,147,18422,K. Raymond,15,9,187,0,6.72,23.27,17.2,258,17.2,28.7,15,0,0,43,3.4,1.83
2020,148,20224,C. Blake,18,13,141,0,7.31,22.69,9.5,171,10.68,13.2,18,1,0,48,3.05,1.51
2020,149,14828,C. Hogan,26,14,118,0,9.84,82.5,9.26,241,48.2,17.2,26,3,2,72,15.75,0.99
2020,150,21601,G. Olszewski,5,5,62,1,4.95,13.01,6,30,2.3,6,5,0,0,15,1.54,5.1
2020,151,20398,E. St. Brown,13,7,117,1,8.66,27.47,10.07,131,14.55,18.7,13,0,2,38,4.83,1.95
2020,152,21962,M. Perry,13,9,92,1,9.15,24.65,8.76,114,12.66,12.7,13,0,0,45,4.16,1.9
2020,153,21957,Q. Watkins,13,7,106,1,13,24.5,8.15,106,17.66,15.1,13,2,1,33,6.37,1.82
2020,154,14187,A. Jeffery,13,6,115,1,6.91,39.41,14.53,189,27,31.5,13,2,1,30,5.48,1.81
2020,155,17914,L. Treadwell,7,6,49,2,13.2,16.93,7,49,9.8,8.2,7,3,1,26,3.78,3.27
2020,156,11270,D. Bryant,11,6,47,2,10.28,28.08,5.27,58,9.66,9.7,11,2,2,30,8.27,2.06
2020,157,18197,A. Erickson,17,12,139,0,9.71,17.03,7.82,133,8.31,11.1,17,1,0,52,3,1.33
2020,158,22276,D. Harris,10,10,79,0,14.08,14.66,1.5,15,2.14,1.5,10,1,0,33,3.8,2.25
2020,159,19200,C. Board,16,11,101,0,10.66,17.92,10,160,11.42,14.5,16,0,0,47,3.72,1.34
2020,160,19064,T. Taylor,21,10,86,0,10.88,24.09,5.42,114,9.5,11.4,21,7,1,49,5.31,0.89
2020,161,21169,M. Taylor,6,5,66,1,4.1,15.73,6.66,40,2.66,8,6,1,2,17,1.27,3.08
2020,162,20011,J. Wims,12,6,48,1,4.18,33.25,11.25,135,10.38,22.5,12,1,1,28,2.52,1.42
2020,163,19922,J. Watson,11,7,94,0,8.39,18.45,10.27,113,10.27,16.1,11,0,0,29,2.69,1.49
2020,164,21862,A. Mack,11,7,91,0,6.07,27.54,7.72,85,7.72,12.1,11,3,1,32,3.34,1.46
2020,165,19854,D. Pettis,6,4,76,1,5.88,22.56,17.66,106,15.14,26.5,6,0,0,15,2.58,2.6
2020,166,21005,P. Campbell,9,6,71,0,15.25,43.38,12,108,54,18,9,0,0,30,12.67,1.63
2020,167,20816,L. Humphrey,5,3,46,1,7.57,28.69,9.6,48,16,16,5,1,1,14,5.68,2.72
2020,168,20722,D. Spencer,6,3,26,0,10,8.31,5.5,33,3,11,6,0,0,15,1.59,2.25
2020,169,18673,J. Mickens,10,7,58,0,15.62,10.07,7.5,75,7.5,10.7,10,1,1,28,2.67,1.28
2020,170,18039,P. Cooper,8,5,73,0,6.25,12.87,10.12,81,5.06,16.2,8,0,0,23,1.54,1.54
2020,171,21737,T. Cleveland,9,6,63,0,14.51,10.13,7.88,71,7.1,11.8,9,0,0,26,2.83,1.37
2020,172,21758,K. Hill Jr.,11,7,73,0,8.33,12.33,7.18,79,5.26,11.3,11,2,0,31,1.95,1.12
2020,173,19276,A. Carr,4,3,27,1,5.4,15.84,8,32,5.33,10.7,4,2,2,14,2.06,2.92
2020,174,20067,S. Mitchell Jr.,8,5,60,0,11.42,20.23,11.5,92,15.33,18.4,8,2,0,15,4.04,1.38
2020,175,22244,J. Bradley,11,5,60,0,13.58,36.65,11.45,126,42,25.2,11,0,0,26,8.94,1
2020,176,19969,D. Ratley,10,4,63,0,7.81,41.96,10.8,108,21.6,27,10,3,0,25,5.84,1.03
2020,177,19755,R. Cracraft,9,6,41,0,8.65,17.62,7,63,7,10.5,9,3,1,28,2.9,1.12
2020,178,20081,T. Sherfield,7,5,50,0,9.85,6.99,11.71,82,5.46,16.4,7,1,0,21,1.37,1.43
2020,179,19800,C. Sutton,6,3,66,0,20,41.66,17,102,102,34,6,0,0,18,15.78,1.6
2020,180,21349,A. Dulin,6,3,53,0,6.45,10.96,4.33,26,2,8.7,6,0,0,12,1.41,1.57
2020,181,17289,J. Kumerow,1,1,22,1,7.14,3.57,22,22,3.66,22,1,0,1,4,0.44,9.2
2020,182,21718,J. Reed,1,0,0,0,5,2.48,-7,-7,-0.63,,1,0,0,1,0.23,8.9
2020,183,21734,N. Westbrook-Ikhine,8,3,33,0,5.51,17.66,10.75,86,6.61,28.7,8,1,1,21,2.2,1.04
2020,184,20925,R. Ridley,4,4,39,0,9.75,13.22,9,36,7.2,9,4,1,0,14,2.29,1.98
2020,185,21513,D. Shepherd,8,5,46,0,6.15,26.2,10.87,87,10.87,17.4,8,1,0,20,3.08,0.95
2020,186,16326,S. Roberts,6,4,31,0,6.81,20.65,7.33,44,6.28,11,6,0,0,17,2.7,1.18
2020,187,12109,T. Ginn Jr.,6,3,40,0,13.95,10.77,19.83,119,19.83,39.7,6,0,0,18,2.46,1.17
2020,188,21749,I. Zuber,2,2,29,0,9.52,8.2,0,0,0,0,2,0,0,8,1.78,3.5
2020,189,19006,J. Malone,6,4,16,0,7.79,30.07,3.83,23,5.75,5.8,6,0,0,18,4.47,1.13
2020,190,19779,B. Zylstra,4,3,35,0,3.33,12.07,9.25,37,2.31,12.3,4,1,0,9,0.77,1.65
2020,191,20775,T. Godwin,6,3,32,0,13.95,31.61,11.83,71,35.5,23.7,6,0,0,11,8.1,1.08
2020,192,20250,R. Foster,6,2,37,0,20,11.07,14,84,21,42,6,1,0,14,3.92,0.95
2020,193,21728,L. Cager,6,2,35,0,17.64,25,8,48,24,24,6,1,1,4,8.69,0.92
2020,194,20373,D. Burnett,4,3,19,0,7.27,35.94,0,0,0,0,4,0,0,0,5.71,1.22
2020,195,19981,D. Fountain,3,2,23,0,4.61,21.1,7.66,23,4.6,11.5,3,0,0,7,2,1.43
2020,196,19917,A. Callaway,4,2,20,0,8.16,14.36,7,28,5.6,14,4,0,0,8,2.16,1
2020,197,18881,J. Ross,7,2,17,0,8.13,37.71,12,84,28,42,7,0,1,21,5.26,0.53
2020,198,21742,A. Gandy-Golden,7,1,3,0,5.78,31.42,10.57,74,12.33,74,7,0,1,15,3.05,0.5
2020,199,20793,P. Hart,1,1,3,0,2.12,5.7,-1,-1,-0.07,-1,1,0,0,4,0.22,3.2
2020,200,11565,A. Roberts,5,4,34,0,8.62,5.99,9.6,48,3.2,12,5,1,0,16,0.93,0.62
2020,201,16276,B. Fowler,6,2,11,0,11.32,14.72,8.33,50,10,25,6,0,0,15,3.46,0.52
2020,202,16232,D. Moncrief,2,1,15,0,9.09,6.26,2.5,5,0.83,5,2,0,0,5,1.36,1.45
2020,203,18401,T. Lewis,3,1,5,0,15.78,5.33,13.66,41,8.2,41,3,0,1,9,1.7,0.97
2020,204,19925,J. Scott,1,1,16,0,,0,0,0,0,0,1,0,0,0,4.34,2.6
2020,205,21723,J. Proche II,3,1,14,0,13.04,2.69,4,12,0.85,12,3,0,0,5,0.88,0.8
2020,206,20071,K. Kirkwood,2,1,13,0,6.25,51.61,17.5,35,35,35,2,0,1,4,7.69,1.15
2020,207,20295,V. Smith,3,1,13,0,7.69,9.37,13,39,5.57,39,3,1,0,8,1.46,0.77
2020,208,19280,C. Hollister,1,1,12,0,3.84,18.7,10,10,5,10,1,0,0,3,1.47,2.2
2020,209,19361,M. Kemp,1,1,11,0,3.22,4.71,1,1,0.1,1,1,0,0,4,0.25,2.1
2020,210,19358,G. Dieter,2,1,10,0,9.09,8.9,7.5,15,3.75,15,2,1,0,5,1.24,1
2020,211,21263,T. Irwin,2,1,5,0,66.66,4.28,6,12,12,12,2,1,0,5,5.26,0.75
2020,212,19184,J. Natson,0,0,0,0,0,3.74,0,0,0,,0,0,0,0,0,
2020,213,7651,M. Slater,0,0,0,0,0,0.1,0,0,0,,0,0,0,0,0,
2020,214,15974,J. Matthews,0,0,0,0,0,11.2,0,0,0,,0,0,0,0,0,
2020,215,16768,K. White,0,0,0,0,0,3.27,0,0,0,,0,0,0,0,0,
2020,216,18030,C. Moore,0,0,0,0,0,6.39,0,0,0,,0,0,0,0,0,
2020,217,18058,T. Sharpe,3,0,0,0,12,10,39.66,119,29.75,,3,0,1,3,2.43,0
2020,218,18241,J. Holton,0,0,0,0,,0,0,0,0,,0,0,0,0,0,
2020,219,18343,M. Michel,0,0,0,0,0,2.54,0,0,0,,0,0,0,0,0,
2020,220,18896,C. Grayson Jr.,3,0,0,0,10.71,15.13,24.66,74,24.66,,3,0,0,6,2.91,0
2020,221,18971,T. Taylor,1,0,0,0,5.55,11.18,15,15,5,,1,0,0,3,1.29,0
2020,222,19671,F. Brown,0,0,0,0,,0,0,0,0,,0,0,0,0,0,
2020,223,19980,D. Cain,0,0,0,0,0,7.81,0,0,0,,0,0,0,0,0,
2020,224,20079,T. Quinn,0,0,0,0,0,1.61,0,0,0,,0,0,0,0,0,
2020,225,20194,R. Gafford,2,0,0,0,12.5,8.64,32,64,21.33,,2,0,1,5,2.15,0
2020,226,20328,J. Badet,1,0,0,0,3.84,12.93,25,25,8.33,,1,0,0,1,0.89,0
2020,227,20477,D. Willies,0,0,0,0,0,4,0,0,0,,0,0,0,0,0,
2020,228,20684,M. Turner,0,0,0,0,0,0.43,0,0,0,,0,0,0,0,0,
2020,229,20886,S. Morgan,0,0,0,0,0,4.87,0,0,0,,0,0,0,0,0,
2020,230,21072,K. Doss,0,0,0,0,0,5.79,0,0,0,,0,0,0,0,0,
2020,231,21115,J. Winfree,0,0,0,0,0,5.64,0,0,0,,0,0,0,0,0,
2020,232,21178,J. Moore Jr.,0,0,0,0,0,25,0,0,0,,0,0,0,0,0,
2020,233,21294,A. Bachman,0,0,0,0,0,1.81,0,0,0,,0,0,0,0,0,
2020,234,21708,R. Begelton,0,0,0,0,0,3.33,0,0,0,,0,0,0,0,0,
2020,235,21714,K. Osborn,0,0,0,0,,0,0,0,0,,0,0,0,0,0,
2020,236,21959,D. Patmon,0,0,0,0,0,2.66,0,0,0,,0,0,0,0,0,
2020,237,21967,I. Coulter,0,0,0,0,0,8.77,0,0,0,,0,0,0,0,0,
2020,238,22090,T. Brown,0,0,0,0,0,5.71,0,0,0,,0,0,0,0,0,
2020,239,22339,K. Merritt,0,0,0,0,0,1.78,0,0,0,,0,0,0,0,0,
2020,240,22345,D. Chisena,0,0,0,0,,0,0,0,0,,0,0,0,0,0,
2020,241,22417,K. Wilkerson,0,0,0,0,0,2.63,0,0,0,,0,0,0,0,0,
2020,242,17218,D. Carter,2,1,8,0,9.52,2.61,8,16,1.23,16,2,1,0,7,0.45,-0.1
2020,243,18992,D. Westbrook,1,1,4,0,8.33,9.91,4,4,2,4,1,1,0,3,1.51,-0.6
2020,244,13117,D. Harris,0,0,0,0,0,0.51,0,0,0,,0,0,0,0,0,
2020,245,21295,N. Webster,0,0,0,0,0,0.73,0,0,0,,0,0,0,0,0,
2019,1,17960,M. Thomas,186,149,1725,9,20.8,90.7,8.27,1539,96.2,10.3,186,26,5,8.02,33.2,2.01
2019,2,13291,J. Jones,156,99,1394,6,20.3,79.1,12.58,1962,130.8,19.8,156,16,8,7.45,25.7,1.76
2019,3,18880,C. Godwin,119,86,1333,9,13.4,95.7,10.67,1270,90.7,14.8,119,13,9,7.21,22.2,2.3
2019,4,18882,C. Kupp,134,94,1162,10,16.1,80.5,7.54,1010,63.1,10.7,134,21,6,7.44,21.8,2.02
2019,5,14986,D. Hopkins,150,104,1165,7,16.3,100,10.63,1595,106.3,15.3,150,13,10,7.13,30.9,1.78
2019,6,15076,K. Allen,150,104,1199,6,17.1,91.2,10.24,1536,96,14.8,150,20,11,7.33,26,1.74
2019,7,16263,A. Robinson II,153,98,1147,7,16.2,97,11.49,1758,109.9,17.9,153,20,9,6.83,27,1.67
2019,8,8355,J. Edelman,154,100,1117,6,16.3,88.5,9.5,1463,91.4,14.6,154,22,3,7.06,26.2,1.64
2019,9,18977,K. Golladay,116,65,1190,11,12.9,91.7,15.74,1826,114.1,28.1,116,16,14,6.83,21.1,2.14
2019,10,16765,A. Cooper,119,79,1189,8,14.6,77.7,12.79,1522,95.1,19.3,119,9,9,7.5,20.7,2.07
2019,11,16775,D. Parker,128,72,1202,9,15,88.3,13.84,1772,110.8,24.6,128,16,9,6.82,21.1,1.92
2019,12,16020,J. Landry,138,83,1174,6,15.5,95.4,10.05,1387,86.7,16.7,138,21,9,6.68,26.6,1.72
2019,13,16830,T. Lockett,110,82,1057,8,11.9,92.7,13.45,1479,92.4,18,110,23,13,7.23,22.3,2.14
2019,14,14871,R. Woods,140,90,1134,2,15.4,92.9,8.02,1123,74.9,12.5,140,10,3,6.68,23.4,1.66
2019,15,16597,M. Evans,118,67,1157,8,15.4,89.6,15.89,1875,144.2,28,118,18,15,6.33,23.8,1.96
2019,16,19844,D. Moore,135,87,1175,4,15.3,92.4,11.33,1529,101.9,17.6,135,13,6,6.72,24.3,1.71
2019,17,19816,D. Chark Jr.,117,73,1008,8,14.7,86,12.41,1452,96.8,19.9,117,15,15,6.82,21.8,1.91
2019,18,17986,T. Boyd,147,90,1045,5,16,92,9.31,1369,85.6,15.2,147,11,4,7.45,24.9,1.52
2019,19,19800,C. Sutton,126,72,1112,6,14.4,95.5,12.38,1560,97.5,21.7,126,20,14,6.43,26.1,1.77
2019,20,16640,J. Brown,115,72,1060,6,13.2,94.9,14.59,1677.5,111.8,23.3,115,10,5,6.5,25.7,1.91
2019,21,21042,A. Brown,84,52,1051,8,13,72.3,13.57,1140,71.2,21.9,84,8,6,7.02,19.5,2.58
2019,22,16906,S. Diggs,93,63,1129,6,12.5,83.1,14.99,1394,92.9,22.1,93,5,7,7.42,21.9,2.3
2019,23,19867,M. Gallup,112,66,1107,6,13.8,87.6,13.31,1491,106.5,22.6,112,7,4,7.1,21.7,1.9
2019,24,16470,D. Adams,127,83,997,5,19.9,86.2,10.62,1349,112.4,16.3,127,23,9,7.58,30.3,1.66
2019,25,16389,O. Beckham Jr.,133,74,1035,4,14.7,97.3,13.91,1849.5,115.6,25,133,13,12,6.45,25.6,1.51
2019,26,16866,J. Crowder,122,78,834,6,16,84.3,7.95,970,60.6,12.4,122,16,6,6.66,24.7,1.62
2019,27,19802,C. Ridley,93,63,866,7,13.8,80.9,13.61,1266,97.4,20.1,93,8,7,7.34,17.7,2.1
2019,28,13870,M. Jones Jr.,92,62,779,9,11.9,94.1,14.07,1294,99.5,20.9,92,15,10,7.28,20.2,2.11
2019,29,20873,T. McLaurin,93,58,919,7,12.9,98.2,13.94,1296,92.6,22.3,93,13,10,6.53,23,2.06
2019,30,11063,E. Sanders,96,66,869,5,12.1,80.4,11.09,1065,62.6,16.1,96,14,9,6.85,18.3,1.96
2019,31,18082,T. Hill,88,58,860,7,16.8,74.4,12.84,1130,94.2,19.5,88,7,4,7.02,21.9,2.14
2019,32,20932,D. Samuel,81,57,803,3,12.3,72.1,7.9,640,42.7,11.2,81,17,5,7.62,18.1,2.31
2019,33,20875,D. Metcalf,100,58,900,7,11.5,87.2,13.76,1376,86,23.7,100,18,17,7,20.3,1.85
2019,34,14141,C. Beasley,105,67,778,6,15.3,74.6,7.76,815,54.3,12.2,105,9,2,6.67,23.4,1.72
2019,35,5571,L. Fitzgerald,109,75,804,4,13,88.2,7.88,859,53.7,11.5,109,14,6,7.27,20.6,1.63
2019,36,18928,C. Samuel,107,54,627,6,11.5,91,14.41,1542,96.4,28.6,107,15,8,5.86,17.7,1.6
2019,37,20943,D. Slayton,83,48,740,8,12.5,79.4,14.13,1173,83.8,24.4,83,7,5,6.93,16.6,2.05
2019,38,19815,C. Kirk,108,68,709,3,14.5,98.5,9.68,1045,80.4,15.4,108,12,2,7.01,24.5,1.54
2019,39,18914,M. Williams,90,49,1001,2,11.4,87.5,17.43,1569,104.6,32,90,16,12,6.69,16.5,1.79
2019,40,18187,R. Anderson,96,52,778,5,11.1,95.9,15.15,1454,90.9,28,96,5,10,6.41,19.5,1.67
2019,41,21077,D. Johnson,92,59,680,5,15.2,66.9,9.1,837,52.3,14.2,92,7,2,6.85,18.9,1.71
2019,42,13227,R. Cobb,83,55,828,3,12.4,68.8,10.2,847,56.5,15.4,83,8,3,7.5,15.5,1.87
2019,43,16837,C. Conley,91,47,775,5,11.1,83.5,14.75,1342,83.9,28.6,91,8,6,6.81,16.1,1.7
2019,44,11611,G. Tate,85,49,676,6,14.5,90.2,10.48,891,81,18.2,85,9,4,7.35,21.4,1.81
2019,45,18992,D. Westbrook,101,66,660,3,14.8,74.3,6.81,688,45.9,10.4,101,11,6,7.28,19.4,1.51
2019,46,21045,M. Brown,71,46,584,7,13.3,59,11.85,841,60.1,18.3,71,13,10,7.32,18.9,2.06
2019,47,17048,T. Williams,64,42,651,6,9.2,91.3,13.25,848,65.2,20.2,64,8,7,7.38,16.5,2.24
2019,48,9906,D. Amendola,96,62,678,1,15.9,66.4,8.62,828,55.2,13.4,96,9,2,7.14,18.5,1.46
2019,49,17961,S. Shepard,85,57,576,3,14.9,92.5,9.35,795,79.5,13.9,85,12,5,7.18,23.4,1.64
2019,50,16787,B. Perriman,69,36,645,6,11.3,66.2,16.41,1132,80.9,31.4,69,2,11,6.01,13,2
2019,51,16003,S. Watkins,90,52,673,3,13.5,83.7,10.04,904,69.5,17.4,90,6,6,6.83,19.7,1.52
2019,52,17916,W. Fuller V,71,49,670,3,13.1,82.8,14.77,1049,95.4,21.4,71,7,5,7.29,20.7,1.89
2019,53,19865,J. Washington,79,44,735,3,13.6,68.6,14.86,1174,78.3,26.7,79,2,3,6.3,16.9,1.69
2019,54,20924,H. Renfrow,71,49,605,4,16.8,54.2,6.83,485,37.3,9.9,71,12,5,7.39,17.6,1.88
2019,55,19172,Z. Pascal,72,41,607,5,10.1,82.5,11.64,838,59.9,20.4,72,12,8,6.77,16.6,1.85
2019,56,19864,A. Miller,85,52,656,2,13.1,66.5,10.47,890,55.6,17.1,85,10,6,6.59,15,1.5
2019,57,14005,T. Hilton,69,45,501,5,15.4,73.9,10.32,712,71.2,15.8,69,8,4,6.99,24.6,1.81
2019,58,13878,M. Sanu Sr.,89,59,520,2,12.8,74.2,7.45,663,44.2,11.2,89,11,4,6.8,15.6,1.39
2019,59,14187,A. Jeffery,72,43,490,4,15.4,79.2,11.78,848.5,94.3,19.7,72,10,6,7.64,22.6,1.7
2019,60,15196,K. Stills,55,40,561,4,9.9,73.2,11.24,618,47.5,15.4,55,4,4,7.55,13.4,2.18
2019,61,16568,B. Cooks,72,42,583,2,10.9,72.2,14.14,1018,72.7,24.2,72,5,4,6.6,12.9,1.63
2019,62,18879,C. Davis,69,43,601,2,10.1,80.9,12.54,865,57.7,20.1,69,3,3,6.85,16.8,1.67
2019,63,15534,A. Thielen,48,30,418,6,11.7,69.6,12.29,590,59,19.7,48,6,4,7.29,17.8,2.38
2019,64,20788,M. Hardman,41,26,538,6,10,43,10.98,450,28.1,17.3,41,6,1,6.95,7.3,2.77
2019,65,18883,J. Smith-Schuster,72,42,552,3,13.4,79,9.72,700,58.3,16.7,72,8,5,6.74,18.3,1.57
2019,66,21400,S. Sims,56,34,310,4,19.5,36.8,7.23,405,27,11.9,56,9,7,7.14,13.3,1.85
2019,67,20145,A. Lazard,52,35,477,3,12.6,61,14.6,759,69,21.7,52,4,5,7.5,13.7,1.98
2019,68,20057,A. Tate,81,40,575,1,13.2,84.7,12.35,1000,83.3,25,81,14,7,6.23,18.8,1.25
2019,69,18047,D. Robinson,55,32,449,4,8.7,70.5,13.09,720,48,22.5,55,6,4,6.68,10.4,1.83
2019,70,16790,P. Dorsett II,54,29,397,5,10.7,69.4,14.72,795,72.3,27.4,54,10,6,6.62,13.1,1.87
2019,71,20006,R. Gage,74,49,446,1,16.1,50,7.54,558,39.9,11.4,74,14,3,7.33,12.9,1.34
2019,72,18197,A. Erickson,78,43,529,0,13.4,58.2,8.47,661,41.3,15.4,78,10,4,6.7,13.2,1.23
2019,73,19318,K. Bourne,45,30,358,5,10.8,44.9,8.49,382,25.5,12.7,45,7,4,6.83,10.1,2.13
2019,74,16141,W. Snead IV,45,31,339,5,7.2,60.8,9.13,411,25.7,13.3,45,7,2,7.67,10.6,2.11
2019,75,18881,J. Ross,56,28,506,3,14.6,73.9,15.61,874,109.2,31.2,56,2,1,7.1,18.4,1.7
2019,76,16781,N. Agholor,70,39,363,3,10.9,91.3,11.57,810,73.6,20.8,70,7,8,7.43,18,1.31
2019,77,20988,P. Williams,60,32,428,3,15.9,84.6,14.88,893,111.6,27.9,60,10,9,6.75,21.4,1.51
2019,78,16129,T. Gabriel,48,29,353,4,11.5,79,11.83,568,63.1,19.6,48,3,6,6.82,15.2,1.88
2019,79,16308,A. Wilson,62,43,351,1,14.9,51.9,5.21,323,24.8,7.5,62,6,1,7.3,12.4,1.44
2019,80,17290,A. Humphries,47,37,374,2,13.6,52.7,7.83,368,30.7,9.9,47,4,2,7.55,14.6,1.84
2019,81,12109,T. Ginn Jr.,55,30,421,2,10,59.2,16.53,909,60.6,30.3,55,5,8,6.86,10.4,1.56
2019,82,11197,D. Thomas,59,36,433,1,13.7,68.9,9.86,582,52.9,16.2,59,7,2,6.95,17.2,1.45
2019,83,19976,M. Valdes-Scantling,57,26,452,2,11,55.6,15.75,898,59.9,34.5,57,4,5,5.79,10.9,1.48
2019,84,16253,A. Hurns,48,32,416,2,9.7,57.6,11.46,550,39.3,17.2,48,6,3,7.86,8.9,1.74
2019,85,18058,T. Sharpe,35,25,329,4,9.4,50.9,14.6,511,39.3,20.4,35,4,3,7.21,9.5,2.34
2019,86,20836,B. Johnson,45,31,294,3,9.2,63.3,11.47,516,39.7,16.6,45,7,5,7.06,11.7,1.76
2019,87,19514,K. Cole,36,24,361,3,11.3,41.3,11.42,411,34.2,17.1,36,6,3,7.01,8.2,2.19
2019,88,14587,J. Gordon,47,27,426,1,10.6,61.9,11.38,535,48.6,19.8,47,5,2,7.02,12.8,1.59
2019,89,18269,G. Allison,56,34,287,2,9.9,60.6,7.29,408,27.2,12,56,10,8,7.54,10.8,1.31
2019,90,17141,D. Byrd,46,32,359,1,10.2,68.6,10.22,470,42.7,14.7,46,3,0,7.55,12.5,1.56
2019,91,19897,T. Smith,25,18,234,5,6.3,65.6,9.32,233,23.3,12.9,25,4,4,7.8,7,2.86
2019,92,20789,K. Harmon,44,30,365,0,10.2,60.3,11.61,511,36.5,17,44,6,5,6.25,11.4,1.52
2019,93,16278,C. Latimer,43,24,300,2,13,38.4,12.58,541,38.6,22.5,43,6,2,5.99,8.2,1.53
2019,94,16694,P. Richardson,42,28,245,2,11,76.4,9.83,413,41.3,14.8,42,6,3,6.79,14.8,1.54
2019,95,19916,D. Hamilton,52,28,297,1,11,69.5,8.62,448,37.3,16,52,6,2,6.25,13.6,1.22
2019,96,19043,I. McKenzie,39,27,254,1,9.8,54.2,4.54,177,14.8,6.6,39,7,3,6.92,11,1.62
2019,97,19017,J. Reynolds,43,21,326,1,9.6,46.2,10.84,466,31.1,22.2,43,4,4,6.51,7.3,1.44
2019,98,20876,J. Meyers,41,26,359,0,11.2,48,10.54,432,39.3,16.6,41,4,3,6.59,9.6,1.51
2019,99,16326,S. Roberts,35,21,271,2,7.3,52.2,10.49,367,26.2,17.5,35,2,2,6.71,9.5,1.72
2019,100,19705,G. Ward,40,28,254,1,13.1,71.7,6.75,270,45,9.6,40,6,1,7.56,15.4,1.5
2019,101,19120,D. Moore,34,17,301,2,12.4,33.4,15.5,527,40.5,31,34,8,8,6.32,8.2,1.75
2019,102,14465,J. Wright,58,28,296,0,8.6,66,10.79,626,39.1,22.4,58,3,2,6.29,9.6,0.98
2019,103,18209,M. Johnson,33,17,277,2,8.2,84.2,16.36,540,67.5,31.8,33,4,4,6.21,13.9,1.72
2019,104,18039,P. Cooper,33,25,243,1,16.6,28.3,10.73,354,29.5,14.2,33,4,2,6.89,9,1.68
2019,105,19937,K. Coutee,36,22,254,0,12.2,58.5,6.64,239,29.9,10.9,36,3,0,6.39,12.9,1.47
2019,106,21037,M. Boykin,22,13,198,3,6.7,40.8,18.82,414,34.5,31.8,22,4,5,6.59,6.6,2.31
2019,107,20079,T. Quinn,47,26,195,1,12.6,61.4,7.21,339,28.2,13,47,5,3,5.64,13.8,1.05
2019,108,18926,Z. Jones,46,27,216,0,7.7,69.3,11.28,519,37.1,19.2,46,6,3,6.3,10.4,1.06
2019,109,20295,V. Smith,31,17,225,0,10.3,40.2,12.1,375,28.8,22.1,31,3,0,6.61,7.8,1.57
2019,110,19098,I. Ford,35,23,244,0,17,40.2,8.57,300,37.5,13,35,6,2,7,11.3,1.39
2019,111,15509,J. Brown,28,16,220,2,10.6,43.6,8.04,225,25,14.1,28,6,0,5.62,9.5,1.71
2019,112,18361,C. Rogers,27,16,179,2,7.8,54,9.63,260,26,16.2,27,4,4,6.94,9,1.69
2019,113,20684,M. Turner,22,15,245,1,13.6,26,12.09,266,26.6,17.7,22,2,2,6.59,7,2.07
2019,114,16276,B. Fowler,35,23,193,0,11,64.4,11.26,394,49.2,17.1,35,4,2,6.36,11.3,1.27
2019,115,20835,K. Johnson,42,21,187,1,12,57.1,9.88,415,41.5,19.8,42,6,3,6.31,12.1,1.05
2019,116,19922,J. Watson,26,15,159,2,12.9,43.3,13.15,342,48.9,22.8,26,4,4,6.25,9.8,1.65
2019,117,20011,J. Wims,39,18,186,1,9.6,59.7,11.87,463,42.1,25.7,39,6,3,6.28,9.5,1.09
2019,118,21138,S. Miller,26,13,200,1,17,25.6,18.35,477,53,36.7,26,2,2,6.06,7.1,1.56
2019,119,17289,J. Kumerow,21,12,219,1,7.3,41.3,15.14,318,28.9,26.5,21,2,1,7.02,5.5,1.9
2019,120,18103,J. Grant Sr.,32,19,164,0,16.4,39.5,12.41,397,44.1,20.9,32,1,1,6.72,10,1.25
2019,121,18717,M. Hall,11,7,261,1,11.7,22.2,28.09,309,44.1,44.1,11,0,0,7.05,4.7,3.62
2019,122,20792,N. Harry,24,12,105,2,11.6,45.6,10.25,246,35.1,20.5,24,6,4,7.5,9.6,1.64
2019,123,16868,J. Hardy,26,19,195,0,16.9,19.9,8.04,209,17.4,11,26,3,2,8.75,5.4,1.48
2019,124,14865,M. Goodwin,21,12,186,1,8.3,46.8,12.95,272,34,22.7,21,0,0,7.5,8.3,1.81
2019,125,21005,P. Campbell,24,18,127,1,13.1,43,8.08,194,27.7,10.8,24,5,1,7.4,10.7,1.59
2019,126,19969,D. Ratley,24,12,200,1,9.8,49.8,13.38,321,35.7,26.8,24,5,5,6.46,8.6,1.58
2019,127,19207,T. Patrick,31,16,218,0,12.1,64.2,10.71,332,47.4,20.8,31,5,2,6.21,14.5,1.22
2019,128,3943,D. Jackson,11,9,159,2,21.2,36.1,12.91,142,71,15.8,11,0,0,7.05,14.1,3.35
2019,129,20820,A. Isabella,13,9,189,1,10.5,18.8,6.54,85,7.7,9.4,13,1,1,6.73,3.6,2.72
2019,130,20150,B. Pringle,16,12,170,1,14.5,20.4,9.75,156,17.3,13,16,2,1,7.5,4.9,2.19
2019,131,18666,D. Williams,19,12,166,1,10.8,79.3,10.95,208,52,17.3,19,1,1,6.84,15.3,1.82
2019,132,19854,D. Pettis,24,11,109,2,8.2,48.4,8.79,211,23.4,19.2,24,3,3,6.88,9,1.44
2019,133,17914,L. Treadwell,16,9,184,1,11.9,22.6,12.5,200,20,22.2,16,0,0,6.72,5.5,2.09
2019,134,16728,D. Inman,21,12,181,0,11.9,43.6,13.57,285,40.7,23.8,21,1,0,7.02,9.3,1.43
2019,135,18422,K. Raymond,12,9,170,1,14.8,18.5,16.92,203,25.4,22.6,12,3,0,7.29,5.6,2.46
2019,136,18080,T. Davis,11,8,111,0,6,20.9,9.64,106,7.6,13.2,11,1,0,7.5,2.4,2.58
2019,137,20077,R. James,10,6,165,1,5.6,18.3,12.6,126,7.9,21,10,2,0,7.25,2.1,2.84
2019,138,17218,D. Carter,14,11,162,0,7.3,19.9,10.07,141,8.8,12.8,14,2,0,7.86,2.7,1.8
2019,139,21072,K. Doss,14,11,133,0,8.1,45.9,9.14,128,21.3,11.6,14,1,0,8.04,7.8,1.74
2019,140,19023,M. Hollins,23,10,125,0,7.2,44.5,13.96,321,29.2,32.1,23,5,2,5.87,5.6,0.98
2019,141,16798,D. Smith,9,5,113,1,7.3,67.2,21,189,63,37.8,9,2,1,6.94,10,2.48
2019,142,19980,D. Cain,20,9,124,0,8.6,34.5,12.5,250,22.7,27.8,20,1,2,6.75,6.2,1.07
2019,143,21142,O. Zaccheaus,5,3,115,1,12.8,13.4,13.8,69,17.2,23,5,0,0,7.5,3.1,4.1
2019,144,20224,C. Blake,24,11,91,0,8.8,56.7,8.54,205,29.3,18.6,24,1,2,6.15,8.5,0.84
2019,145,19779,B. Zylstra,12,8,106,0,21.8,17.6,13,156,31.2,19.5,12,1,0,6.67,6,1.55
2019,146,21528,D. Willis,16,9,82,0,9.4,41.4,11.75,188,26.9,20.9,16,0,1,7.66,6,1.08
2019,147,19917,A. Callaway,15,8,89,0,10.6,62.6,9.8,147,36.8,18.4,15,5,1,7.33,11.7,1.13
2019,148,11056,A. Brown,8,4,56,1,38.1,33.3,12.25,98,98,24.5,8,5,3,7.81,28.6,2.01
2019,149,18089,R. Higgins,11,4,55,1,8.4,31,12.18,134,19.1,33.5,11,3,2,5.68,4.5,1.41
2019,150,20038,B. Berrios,13,6,115,0,16,9,9.38,122,7.6,20.3,13,0,0,5,2.6,1.19
2019,151,14828,C. Hogan,15,8,67,0,9.7,34.1,7.87,118,16.9,14.8,15,1,0,5.83,5.4,0.98
2019,152,19811,M. Ateman,10,5,116,0,12.2,32.4,13.3,133,33.2,26.6,10,1,0,5.25,7.6,1.46
2019,153,20194,R. Gafford,2,2,66,1,14.3,11.1,25,50,25,25,2,0,0,10,2.9,7.3
2019,154,16919,J. Nelson,5,4,36,1,11.1,83.3,5.4,27,27,6.8,5,0,0,7.5,15.2,2.72
2019,155,20925,R. Ridley,7,6,69,0,7.4,44,8.14,57,19,9.5,7,0,0,6.43,6,1.84
2019,156,16456,T. Jones,4,3,38,1,8.9,23.9,0,0,0,0,4,1,0,0,3.6,3.2
2019,157,20250,R. Foster,18,3,64,0,11,26.8,26.11,470,47,156.7,18,1,2,5.28,6,0.68
2019,158,20081,T. Sherfield,13,4,80,0,5.9,46.8,17.15,223,27.9,55.8,13,3,2,5,5.1,0.92
2019,159,19568,A. Patton,17,6,56,0,5.5,70.8,14.65,249,35.6,41.5,17,0,0,4.85,6.7,0.68
2019,160,20679,K. Hodge,10,4,76,0,12.3,17.1,15.7,157,19.6,39.2,10,1,1,5.25,3.9,1.16
2019,161,19008,R. Switzer,11,8,27,0,14.3,15.1,1.55,17,1.9,2.1,11,0,0,7.5,3.7,0.97
2019,162,18540,T. Jones,11,4,61,0,9.2,51.5,12.91,142,35.5,35.5,11,2,1,6.14,9.2,0.92
2019,163,20013,C. Wilson Jr.,8,5,46,0,12.3,23.6,16.38,131,32.8,26.2,8,0,0,6.88,5.5,1.2
2019,164,21163,D. Harty,6,6,24,0,11.1,6.2,-2,-12,-0.9,-2,6,0,0,9.17,1.2,1.58
2019,165,17269,D. White,9,4,51,0,20,10,13.44,121,17.3,30.2,9,1,1,4.72,3.1,1.01
2019,166,13887,T. Benjamin,16,6,30,0,8.9,59.3,13.19,211,42.2,35.2,16,2,1,7.03,7.9,0.56
2019,167,20511,C. Lacy,10,3,60,0,8.5,52.5,15,150,37.5,50,10,1,1,6.5,7.5,0.9
2019,168,20582,C. Beebe,3,2,70,0,7.5,24.1,3.33,10,3.3,5,3,0,0,6.67,5.1,3
2019,169,21548,V. Bryant,1,1,15,1,100,0.8,18,18,9,18,1,1,1,10,1.2,8.5
2019,170,20722,D. Spencer,8,6,31,0,12.3,7.1,5.12,41,2.6,6.8,8,0,0,5.31,1.7,0.96
2019,171,15974,J. Matthews,12,4,33,0,9.5,97.7,14.67,176,88,44,12,0,0,6.88,14.5,0.61
2019,172,16946,G. Davis,3,3,38,0,7.1,22.6,12,36,12,12,3,0,0,6.67,2.5,2.27
2019,173,20373,D. Burnett,4,2,48,0,26.7,21.1,21.5,86,86,43,4,0,0,6.25,10,1.7
2019,174,21312,A. Hollins,4,2,46,0,7.8,44,18.75,75,37.5,37.5,4,1,0,6.88,8.2,1.65
2019,175,21178,J. Moore Jr.,5,2,43,0,12.5,15.3,20.6,103,25.8,51.5,5,0,0,4.5,3,1.26
2019,176,9331,M. Crabtree,5,4,22,0,15.6,27.6,6,30,15,7.5,5,1,0,7,6.3,1.24
2019,177,16802,D. Funchess,5,3,32,0,13.9,60,11.4,57,57,19,5,1,1,8,18.5,1.24
2019,178,18241,J. Holton,15,3,21,0,11.5,26.3,22,330,36.7,110,15,0,1,4.83,5,0.4
2019,179,16232,D. Moncrief,15,4,18,0,16,40.7,12.93,194,48.5,48.5,15,2,2,7.33,10.9,0.39
2019,180,18116,C. Core,5,3,28,0,41.7,9.2,3.8,19,9.5,6.3,5,0,0,5,5.6,1.16
2019,181,11565,A. Roberts,7,3,20,0,6.7,13.1,18,126,9.7,42,7,0,1,5.71,1.8,0.81
2019,182,20067,S. Mitchell Jr.,6,2,37,0,8.2,59.3,17.67,106,53,53,6,1,1,4.58,10,0.95
2019,183,14850,R. Shepard,8,3,25,0,12.5,53.3,9.25,74,37,24.7,8,3,1,5.62,10,0.69
2019,184,16411,R. Grant,9,4,14,0,10.5,77.5,3.56,32,16,8,9,2,0,5.56,14.3,0.6
2019,185,21106,I. Hyman,4,2,34,0,7,40.7,14.5,58,29,29,4,0,0,6.25,4.5,1.35
2019,186,18030,C. Moore,5,3,21,0,6.2,24.8,12.4,62,12.4,20.7,5,0,1,6.5,4,1.02
2019,187,19200,C. Board,4,2,31,0,23.5,15,6.75,27,13.5,13.5,4,2,0,7.5,5.6,1.28
2019,188,16258,M. Lee,4,3,18,0,5.3,28.5,5,20,5,6.7,4,0,0,6.25,3,1.22
2019,189,20886,S. Morgan,10,3,18,0,11,27,6.8,68,13.6,22.7,10,3,1,7.25,5.4,0.48
2019,190,20117,D. Scott,3,2,22,0,6.4,15.1,6.67,20,4,10,3,0,0,6.67,1.7,1.57
2019,191,20529,C. Sims,3,2,27,0,6.8,25,10.67,32,10.7,16,3,0,0,5.83,3.1,1.57
2019,192,19348,J. Wilson,10,3,35,0,10.8,24.8,13.5,135,22.5,45,10,0,1,4.5,4.7,0.45
2019,193,19671,F. Brown,3,2,21,0,5.5,24.6,11,33,8.2,16.5,3,0,0,5.83,2.8,1.37
2019,194,14795,J. Bellamy,3,2,20,0,6.8,37.6,8,24,12,12,3,0,0,8.33,4.2,1.33
2019,195,17070,D. Jennings,5,2,17,0,13.5,9.1,16.2,81,11.6,40.5,5,1,1,5.5,2.6,0.74
2019,196,19131,R. Davis,5,2,17,0,5.4,50,7.2,36,12,18,5,0,0,7,4.7,0.74
2019,197,21349,A. Dulin,2,2,17,0,3.7,23,-3,-6,-1.5,-3,2,0,0,7.5,1.5,1.85
2019,198,8662,M. Thomas,5,2,14,0,18.5,7.3,9.8,49,8.2,24.5,5,0,0,6,2.5,0.68
2019,199,21601,G. Olszewski,4,2,34,0,5.6,13.1,6.75,27,3.4,13.5,4,0,0,5.62,1.3,0.85
2019,200,19280,C. Hollister,2,2,13,0,50,7.7,5.5,11,11,5.5,2,0,0,6.25,9.5,1.65
2019,201,21078,J. Smith,2,1,12,0,14.3,25,25,50,50,50,2,0,0,3.75,6.9,1.1
2019,202,16305,D. Thomas,2,1,6,0,11.8,2,-1,-2,-0.1,-2,2,0,0,7.5,0.5,1.05
2019,203,20970,J. Ursua,1,1,11,0,14.3,10,11,11,11,11,1,1,0,7.5,2.6,2.1
2019,204,19276,A. Carr,4,1,9,0,5.1,54.5,11,44,22,44,4,1,0,5.62,5.1,0.48
2019,205,13117,D. Harris,1,1,7,0,20,3,-1,-1,-0.3,-1,1,0,0,7.5,1.1,1.7
2019,206,19044,J. Agnew,2,1,-2,0,,0,0,0,0,0,2,0,0,0,3.3,0.85
2019,207,19925,J. Scott,3,1,6,0,18.8,24.6,16.33,49,49,49,3,1,1,5.83,15,0.53
2019,208,19403,K. Hogan,1,1,4,0,14.3,11.1,2,2,2,2,1,0,0,10,2.6,1.4
2019,209,18896,C. Grayson Jr.,1,1,3,0,9.1,24.4,1,1,1,1,1,0,0,10,4.3,1.3
2019,210,16063,Q. Enunwa,3,1,-4,0,4.9,98.4,11,33,33,33,3,0,0,4.17,7.3,0.2
2019,211,7651,M. Slater,0,0,0,0,0,2.4,,0,0,,0,0,0,,0,
2019,212,18673,J. Mickens,0,0,0,0,0,37.8,,0,0,,0,0,0,,0,
2019,213,18971,T. Taylor,1,0,0,0,5.3,16.4,0,0,0,,1,0,0,2.5,1.6,0
2019,214,18974,C. Williams,1,0,0,0,14.3,12.1,16,16,16,,1,0,0,2.5,2.9,0
2019,215,19184,J. Natson,0,0,0,0,,0,,0,0,,0,0,0,,0,
2019,216,20762,T. Fulgham,3,0,0,0,5.7,53,22,66,33,,3,0,0,5,5.8,0
2019,217,20816,L. Humphrey,1,0,0,0,11.1,15.8,16,16,16,,1,0,0,7.5,3.3,0
2019,218,21115,J. Winfree,0,0,0,0,0,3,,0,0,,0,0,0,,0,
2019,219,21295,N. Webster,0,0,0,0,,0,,0,0,,0,0,0,,0,
2019,220,21434,S. Schnell,0,0,0,0,0,4.3,,0,0,,0,0,0,,0,
2019,221,21448,J. Guyton,2,0,0,0,20,17.5,36.5,73,73,,2,0,0,6.25,7.7,0
2019,222,21254,M. Walker,3,2,15,0,60,1.2,2.33,7,1,3.5,3,0,0,4.17,1.1,-0.17
2019,223,21513,D. Shepherd,2,1,1,0,4.3,12.5,7.5,15,2.5,15,2,2,1,8.75,1,-0.45
2019,224,19961,R. McCloud,0,0,0,0,,0,,,,,0,0,0,,0,
2019,225,21071,G. Dortch,0,0,0,0,,0,,0,0,,0,0,0,,0,
2018,1,14986,D. Hopkins,163,115,1572,11,15.8,100,12.32,2008,125.5,17.5,163,25,20,6.75,32.9,2.05
2018,2,18082,T. Hill,137,87,1479,12,15.8,89.2,15.26,2091,130.7,24,137,16,11,7.14,24.3,2.39
2018,3,16470,D. Adams,169,111,1386,13,18.6,98.6,11.72,1980,132,17.8,169,31,14,6.88,29.1,1.94
2018,4,13291,J. Jones,170,113,1677,8,21.2,82.7,14.22,2417,151.1,21.4,170,17,10,7.22,28.1,1.92
2018,5,11056,A. Brown,169,104,1297,15,17.9,97.2,11.86,2005,133.7,19.3,169,24,20,7.31,26.7,1.92
2018,6,17960,M. Thomas,147,125,1405,9,16.4,90.7,7.99,1175,73.4,9.4,147,29,6,8.2,28.8,2.15
2018,7,15534,A. Thielen,155,113,1373,9,16.1,100,10.02,1553,97.1,13.7,155,20,11,7.73,26.2,1.97
2018,8,18883,J. Smith-Schuster,166,111,1426,7,18.2,88.4,9.26,1537,96.1,13.8,166,29,9,7.36,24.5,1.78
2018,9,16597,M. Evans,139,86,1524,8,15.1,90.9,15.94,2216,138.5,25.8,139,14,16,6.73,22.4,2.09
2018,10,14871,R. Woods,131,86,1219,6,13.2,96.3,11.6,1520,95,17.7,131,12,9,7.27,24,2.03
2018,11,16906,S. Diggs,148,102,1021,9,17.1,94.3,9.28,1373,91.5,13.5,148,18,12,7.13,26,1.79
2018,12,15076,K. Allen,137,97,1196,6,18.4,87.9,9.14,1252,83.5,12.9,137,15,7,7.76,29.2,1.88
2018,13,16568,B. Cooks,116,80,1204,5,12.6,95.8,13,1508,100.5,18.8,116,17,6,7.61,22.6,2.1
2018,14,14005,T. Hilton,120,76,1270,6,16.6,79.8,11.51,1381,98.6,18.2,120,17,5,7.42,22.6,1.99
2018,15,16389,O. Beckham Jr.,124,77,1052,6,17.9,100,12.17,1509,125.8,19.6,124,20,18,6.47,28.5,1.86
2018,16,17986,T. Boyd,108,76,1028,7,14.8,89.2,9.87,1066,76.1,14,108,10,4,7.04,22.1,2.05
2018,17,16830,T. Lockett,71,57,965,10,8.2,89.6,13.83,982,61.4,17.2,71,6,7,7.82,17.7,3.1
2018,18,16765,A. Cooper,108,75,1005,7,13.6,84.4,10.29,1111,74.1,14.8,108,13,9,7.22,20,2
2018,19,16020,J. Landry,148,81,976,4,16.3,92.2,11.17,1653,103.3,20.4,148,19,9,6.22,26.4,1.45
2018,20,8355,J. Edelman,108,74,850,6,15.2,88.4,8.28,894,74.5,12.1,108,20,4,7.31,25.7,1.92
2018,21,18977,K. Golladay,118,70,1063,5,14.2,91.6,12.37,1460,97.3,20.9,118,15,12,6.97,22.3,1.76
2018,22,19802,C. Ridley,92,64,821,10,14.6,65,10.14,933,58.3,14.6,92,9,6,7.34,15.2,2.25
2018,23,11063,E. Sanders,98,71,868,4,15.7,88.2,9.95,975,81.2,13.7,98,11,4,7.73,24.6,2.02
2018,24,17290,A. Humphries,104,76,816,5,14.1,72.7,6.3,655,40.9,8.6,104,14,3,7.55,16.8,1.81
2018,25,14187,A. Jeffery,92,65,843,6,13.5,85.8,11.11,1022,78.6,15.7,92,14,9,7.45,19.5,2.01
2018,26,5571,L. Fitzgerald,112,69,734,6,13.5,97.8,9.5,1064,66.5,15.4,112,14,10,6.47,23.6,1.64
2018,27,18879,C. Davis,112,65,891,4,13.3,94.5,10.89,1220,76.2,18.8,112,15,9,6.83,26.4,1.64
2018,28,18880,C. Godwin,95,59,842,7,13.8,67.7,12.34,1172,73.2,19.9,95,16,14,6.76,15.3,1.93
2018,29,11611,G. Tate,113,74,795,4,19.1,65.7,6.67,754,50.3,10.2,113,12,2,7.59,20.9,1.6
2018,30,17961,S. Shepard,107,66,872,4,11.9,96.1,11.12,1190,74.4,18,107,19,12,7.08,18.6,1.69
2018,31,13878,M. Sanu Sr.,94,66,838,4,11.9,81.9,8.57,806,50.4,12.2,94,6,2,7.39,15.6,1.92
2018,32,18914,M. Williams,66,43,664,10,11.3,63.9,15.38,1015,63.4,23.6,66,14,12,7.5,13,2.7
2018,33,18992,D. Westbrook,101,66,717,5,13.1,81,8.69,878,54.9,13.3,101,13,6,6.56,19.2,1.72
2018,34,16781,N. Agholor,97,64,736,4,10.4,93.5,10.27,996,62.2,15.6,97,12,4,7.11,16.4,1.71
2018,35,18926,Z. Jones,102,56,652,7,11.5,91.8,12.43,1268,79.2,22.6,102,17,10,6.4,21.2,1.6
2018,36,19844,D. Moore,82,55,788,2,12.1,69.5,9.12,748,46.8,13.6,82,8,4,7.13,15.1,1.91
2018,37,11197,D. Thomas,89,59,677,5,11.9,83.7,10.9,970,64.7,16.4,89,12,5,7.53,18.4,1.76
2018,38,18187,R. Anderson,93,50,752,6,14,80.1,16.44,1529,109.2,30.6,93,9,11,6.26,20.8,1.68
2018,39,4556,J. Nelson,88,63,739,3,11,90.7,9.78,861,57.4,13.7,88,7,3,7.61,17.5,1.76
2018,40,16263,A. Robinson II,94,55,754,4,12.7,91.2,12.5,1175,90.4,21.4,94,12,9,7.13,21.9,1.63
2018,41,16129,T. Gabriel,93,67,688,2,11.9,79.9,11.54,1073.5,67.1,16,93,8,5,7.26,18.5,1.63
2018,42,3943,D. Jackson,75,41,774,4,17.3,54.5,18.87,1415,117.9,34.5,75,5,6,6.4,15.2,2.02
2018,43,14141,C. Beasley,86,65,672,3,12.8,69.8,7.59,653,40.8,10,86,10,5,7.44,16.6,1.75
2018,44,12845,A. Green,77,46,694,6,17.7,82.7,13.57,1045,116.1,22.7,77,14,13,7.05,23.5,1.94
2018,45,16640,J. Brown,97,42,715,5,13.3,65.9,17.1,1659,103.7,39.5,97,15,13,6.29,18,1.48
2018,46,13460,D. Baldwin,73,50,618,5,10.8,86.9,12.73,929,71.5,18.6,73,13,12,7.12,22.4,1.94
2018,47,14587,J. Gordon,71,41,737,4,11.3,76.2,15.54,1103,91.9,26.9,71,8,7,6.69,16.2,1.95
2018,48,15196,K. Stills,64,37,553,7,9.2,91,17.02,1089,72.6,29.4,64,4,7,6.48,15.9,2.16
2018,49,17048,T. Williams,64,41,653,5,9,83.4,12.48,799,53.3,19.5,64,7,8,7.3,13.4,2.15
2018,50,18928,C. Samuel,65,39,494,5,14.4,56.7,12.37,804,61.8,20.6,65,9,6,6.46,14.4,2.1
2018,51,19800,C. Sutton,84,42,704,4,10.8,79.5,14.63,1229,76.8,29.3,84,8,11,6.7,14.9,1.62
2018,52,18882,C. Kupp,56,40,566,6,13.4,83.8,9.39,526,65.8,13.2,56,12,5,7.68,20.8,2.41
2018,53,16141,W. Snead IV,95,62,651,1,13.9,70,8.52,809,57.8,13,95,7,1,7.34,19.3,1.41
2018,54,16232,D. Moncrief,90,48,668,3,11.5,82.1,13.2,1188,74.2,24.8,90,7,8,6.69,17.1,1.48
2018,55,9331,M. Crabtree,100,54,607,3,13.2,68.5,11.28,1128,70.5,20.9,100,11,5,7.2,18.6,1.33
2018,56,19917,A. Callaway,81,43,586,5,11.1,73.8,14.68,1189,74.3,27.7,81,8,12,6.64,14.4,1.61
2018,57,9906,D. Amendola,79,59,575,1,12.1,83.7,7.8,616,41.1,10.4,79,2,1,7.41,19.2,1.61
2018,58,19815,C. Kirk,68,43,590,3,12.7,85.9,10.41,708,59,16.5,68,5,3,7.17,20.4,1.82
2018,59,16802,D. Funchess,79,44,549,4,12.8,71.9,12.7,1003,71.6,22.8,79,12,6,6.46,16.3,1.56
2018,60,19864,A. Miller,54,33,423,7,9.9,59.4,12.11,654,43.6,19.8,54,11,8,7.18,11.3,2.23
2018,61,18089,R. Higgins,54,39,572,4,11.9,56.5,11.28,609,46.8,15.6,54,4,4,7.31,12,2.19
2018,62,13870,M. Jones Jr.,62,35,508,5,12.2,92.9,14.52,900,100,25.7,62,11,13,6.73,18.7,1.87
2018,63,16003,S. Watkins,55,40,519,3,12.6,71.7,8.09,445,44.5,11.1,55,10,2,7.27,15.7,2.09
2018,64,19318,K. Bourne,66,42,487,4,11.6,59.4,9.14,603,37.7,14.4,66,12,4,6.7,12.9,1.74
2018,65,18361,C. Rogers,72,53,485,2,12.5,54.6,7.06,508,31.8,9.6,72,7,5,7.64,11.4,1.57
2018,66,19976,M. Valdes-Scantling,72,38,581,2,11,67,12.33,888,55.5,23.4,72,8,4,6.53,11.7,1.54
2018,67,17939,J. Doctson,79,44,532,2,9.9,91.8,14.7,1161,77.4,26.4,79,9,6,6.23,17.4,1.38
2018,68,16326,S. Roberts,65,45,494,2,12.1,61.4,9.2,598,39.9,13.3,65,3,3,7.15,13.2,1.64
2018,69,17916,W. Fuller V,45,32,503,4,12.9,80.5,15.13,681,97.3,21.3,45,5,3,7.11,20.2,2.36
2018,70,14828,C. Hogan,53,35,532,3,7.4,73.4,12.02,637,42.5,18.2,53,7,3,6.79,10,2
2018,71,19854,D. Pettis,45,27,467,5,11,57.9,11.07,498,41.5,18.4,45,5,3,6.67,12,2.3
2018,72,19120,D. Moore,52,26,445,5,10,65.9,17.98,935,71.9,36,52,9,11,6.54,16,1.94
2018,73,19897,T. Smith,44,28,427,5,9.4,59.3,12.86,566,43.5,20.2,44,10,7,7.39,10.7,2.29
2018,74,19017,J. Reynolds,53,29,402,5,9.5,72,13.96,740,61.7,25.5,53,14,12,6.84,13.2,1.89
2018,75,20250,R. Foster,44,27,541,3,11.2,59.9,20.89,919,83.5,34,44,4,3,6.7,14,2.25
2018,76,16308,A. Wilson,35,26,391,4,14.6,63.9,7.66,268,38.3,10.3,35,1,1,7.36,17.2,2.77
2018,77,19867,M. Gallup,68,33,507,2,10.6,71,14.72,1001,66.7,30.3,68,8,6,6.76,14.2,1.41
2018,78,14465,J. Wright,60,43,447,1,11.9,51.4,6.5,390,24.4,9.1,60,5,3,6.79,11,1.59
2018,79,16837,C. Conley,52,32,334,5,7,76.7,9.42,490,30.6,15.3,52,10,6,6.97,9.2,1.76
2018,80,19514,K. Cole,70,38,491,1,11.1,77.1,10.41,729,52.1,19.2,70,7,4,6.39,14.9,1.27
2018,81,18971,T. Taylor,56,37,466,1,13.9,55.2,13.61,762,58.6,20.6,56,6,6,7.19,16,1.56
2018,82,14865,M. Goodwin,43,23,395,4,10,67.8,14.67,631,57.4,27.4,43,5,2,6.51,13,2.03
2018,83,16063,Q. Enunwa,69,38,449,1,13.6,79.4,7.06,487,44.3,12.8,69,9,3,6.34,20.2,1.26
2018,84,13227,R. Cobb,61,38,383,2,13.6,82.4,8,488,54.2,12.8,61,4,3,6.93,17.6,1.41
2018,85,18881,J. Ross,58,21,210,7,9.9,80.5,14.62,848,65.2,40.4,58,11,7,5.52,13.6,1.46
2018,86,16866,J. Crowder,50,29,388,2,12.5,80.3,9.16,458,50.9,15.8,50,4,1,6.4,19.4,1.66
2018,87,16790,P. Dorsett II,42,32,290,3,12.1,48.7,11.9,500,45.5,15.6,42,8,4,7.02,11.3,1.95
2018,88,14749,J. Kearse,76,37,371,1,13.5,73.8,9.55,726,55.8,19.6,76,9,5,6.61,17.8,1.05
2018,89,16728,D. Inman,39,28,304,3,12.5,60.6,11.18,436,54.5,15.6,39,6,4,7.5,13.7,1.96
2018,90,18047,D. Robinson,33,22,288,4,8.5,44.7,12.03,397,28.4,18,33,6,4,7.27,6.6,2.27
2018,91,16411,R. Grant,51,35,334,1,9.3,59.4,7.57,386,27.6,11,51,6,2,7.45,8.8,1.46
2018,92,17914,L. Treadwell,53,35,302,1,10.3,56.8,5.77,306,20.4,8.7,53,4,1,7.55,9.4,1.34
2018,93,18058,T. Sharpe,47,26,316,2,8.2,68.4,11.94,561,37.4,21.6,47,10,6,6.76,11.7,1.51
2018,94,13171,A. Robinson,35,17,231,5,15.6,27,17.71,620,44.3,36.5,35,4,6,6,6.9,2
2018,95,19008,R. Switzer,44,36,253,1,15.4,27.6,3.43,151,9.4,4.2,44,7,1,8.24,6.5,1.58
2018,96,16550,K. Benjamin,67,25,380,1,13.1,58.2,16.73,1121,74.7,44.8,67,9,6,5.86,14.6,1.03
2018,97,19172,Z. Pascal,45,27,268,2,11,46.7,10.02,451,34.7,16.7,45,8,2,6.89,8.3,1.48
2018,98,19916,D. Hamilton,45,30,243,2,12.7,53.2,9.42,424,38.5,14.1,45,3,2,6.28,11.2,1.47
2018,99,19937,K. Coutee,41,28,287,1,16,68.4,5.49,225,37.5,8,41,5,0,6.89,22.7,1.53
2018,100,18269,G. Allison,30,20,303,2,13,76,12.97,389,77.8,19.4,30,3,3,6.83,15.6,2.08
2018,101,16787,B. Perriman,25,16,340,2,12.3,35.6,18.2,455,45.5,28.4,25,1,4,7.2,7.6,2.49
2018,102,15974,J. Matthews,28,20,300,2,10.2,40.7,10.64,298,27.1,14.9,28,4,2,7.68,6.9,2.21
2018,103,16253,A. Hurns,36,20,295,2,8.8,48.1,13.42,483,34.5,24.2,36,5,5,7.29,7.9,1.71
2018,104,16775,D. Parker,47,24,309,1,11.8,70.8,12.77,600,54.5,25,47,5,2,5.85,15.9,1.3
2018,105,15509,J. Brown,20,14,166,5,6.7,44.8,13.35,267,24.3,19.1,20,6,5,6.88,6.9,3.03
2018,106,18103,J. Grant Sr.,34,21,268,2,13.3,46.5,7.82,266,26.6,12.7,34,2,0,6.84,11.6,1.77
2018,107,19207,T. Patrick,41,23,315,1,15.7,40.1,7.88,323,32.3,14,41,1,1,5.85,10.4,1.47
2018,108,16664,B. Ellington,42,31,224,1,16,61.8,5.17,217,31,7,42,4,0,8.21,18.3,1.42
2018,109,18443,M. Harris,47,28,304,0,10.9,68.3,10.32,485,44.1,17.3,47,4,1,6.06,13.5,1.26
2018,110,16694,P. Richardson,35,20,262,2,9.8,80.5,12.94,453,64.7,22.6,35,2,1,6.43,14.5,1.69
2018,111,6767,P. Garcon,45,24,286,1,12.3,76.8,9.07,408,51,17,45,3,1,7.22,18.1,1.3
2018,112,20398,E. St. Brown,36,21,328,0,10.3,52.6,13.69,493,44.8,23.5,36,1,2,6.32,8.6,1.51
2018,113,19064,T. Taylor,40,26,215,1,13.5,37.5,7.2,288,22.2,11.1,40,6,4,8.06,9.2,1.34
2018,114,13693,T. Pryor,30,16,252,2,10.9,55.1,12.27,368,46,23,30,5,3,6.67,12,1.77
2018,115,19043,I. McKenzie,30,18,179,0,14,42.5,8.73,262,32.8,14.6,30,1,2,7,13.2,1.75
2018,116,12109,T. Ginn Jr.,30,17,209,2,15.7,60.3,17.2,516,103.2,30.4,30,4,4,7,15,1.68
2018,117,16456,T. Jones,26,19,190,2,6.6,52.4,10.85,282,23.5,14.8,26,3,3,7.79,6.3,1.92
2018,118,12830,T. Smith,30,17,190,2,10.5,55.7,14.2,426,53.2,25.1,30,3,1,6.33,10.5,1.6
2018,119,18030,C. Moore,25,19,196,1,6,40.1,11,275,18.3,14.5,25,1,1,7.8,5,1.85
2018,120,20081,T. Sherfield,28,19,210,1,8.7,73.2,12.18,341,42.6,17.9,28,1,4,6.96,11.8,1.64
2018,121,16146,M. Bryant,27,19,266,0,13.2,48.9,12.41,335,47.9,17.6,27,3,1,7.69,11.1,1.7
2018,122,20071,K. Kirkwood,21,13,209,2,10.6,46,14.24,299,42.7,23,21,2,2,7.98,9.9,2.19
2018,123,19865,J. Washington,38,16,217,1,8.4,58.9,17.16,652,54.3,40.8,38,3,1,6.18,7.1,1.15
2018,124,17218,D. Carter,25,22,216,0,11.2,28.2,2.6,65,5,3,25,2,1,6.6,5.7,1.69
2018,125,16276,B. Fowler,27,16,199,1,7.6,60.2,10.11,273,27.3,17.1,27,5,3,6.76,7.8,1.55
2018,126,18974,C. Williams,46,17,171,1,10.8,82.6,14,644,64.4,37.9,46,5,4,5.76,15.3,0.89
2018,127,14850,R. Shepard,19,10,188,2,11.7,39.4,15.16,288,41.1,28.8,19,2,1,5.39,7.2,2.15
2018,128,13887,T. Benjamin,24,12,186,1,8.7,40,19.38,465,38.8,38.8,24,1,2,7.5,6,1.7
2018,129,16868,J. Hardy,22,14,133,2,10.9,20.8,7.05,155,9.7,11.1,22,6,2,6.36,3.6,1.79
2018,130,11463,B. LaFell,16,12,135,2,8.5,87.1,8.69,139,34.8,11.6,16,5,2,8.59,14.3,2.34
2018,131,18197,A. Erickson,29,20,167,0,8.5,37.7,10.17,295,18.4,14.8,29,3,2,6.38,5.5,1.27
2018,132,19811,M. Ateman,31,15,154,1,8.8,85.3,11.45,355,50.7,23.7,31,1,2,6.85,14,1.17
2018,133,16278,C. Latimer,16,11,190,1,7.5,58.1,19.88,318,53,28.9,16,0,2,6.56,7.2,2.25
2018,134,18116,C. Core,28,13,160,1,10.3,50.3,14.93,418,41.8,32.2,28,2,2,6.25,8.9,1.25
2018,135,13856,D. Thompson,30,17,161,0,12.7,31.2,12.8,384,29.5,22.6,30,0,0,7,7.9,1.1
2018,136,13264,A. Holmes,25,14,181,0,8.9,38.3,13.96,349,29.1,24.9,25,2,1,6.7,6.5,1.28
2018,137,14795,J. Bellamy,26,14,117,1,9.8,30.5,12.08,314,22.4,22.4,26,1,3,7.02,5.9,1.22
2018,138,18717,M. Hall,19,10,149,1,14.1,15.6,11.26,214,15.3,21.4,19,2,1,6.45,3.5,1.63
2018,139,19276,A. Carr,14,9,97,2,6.7,38.1,11,154,17.1,17.1,14,3,3,6.43,5,2.19
2018,140,11667,B. Marshall,23,11,136,1,12.5,53.3,11.83,272,45.3,24.7,23,3,2,7.93,14.4,1.33
2018,141,19816,D. Chark Jr.,32,14,174,0,12.2,42.7,10.31,330,33,23.6,32,3,3,6.02,8.7,0.92
2018,142,19969,D. Ratley,20,13,144,0,12.5,53.2,13,260,52,20,20,1,1,8.38,10.3,1.37
2018,143,14478,M. Floyd,24,10,100,1,8.5,51.5,13.96,335,33.5,33.5,24,2,2,6.25,8.2,1.08
2018,144,20077,R. James,14,9,130,1,8,24.2,4,56,4.7,6.2,14,3,1,7.32,3.6,1.86
2018,145,18508,A. Jones,24,11,80,1,11.7,66.6,9.88,237,47.4,21.5,24,2,3,6.67,14.9,1.04
2018,146,17167,C. Meredith,10,9,114,1,12,40.9,10.5,105,35,11.7,10,2,1,9,9,2.44
2018,147,17289,J. Kumerow,11,8,103,1,9.2,45.8,9.36,103,25.8,12.9,11,1,0,6.82,6.2,2.21
2018,148,20373,D. Burnett,15,10,143,0,12.8,41.1,10.93,164,32.8,16.4,15,1,1,6.17,9,1.62
2018,149,20487,B. Powell,17,11,129,0,17.2,26.7,2.88,49,8.2,4.5,17,2,0,7.65,7.8,1.43
2018,150,11565,A. Roberts,18,10,79,1,8.6,22.4,8.56,154,9.6,15.4,18,4,1,6.94,3.6,1.33
2018,151,20079,T. Quinn,10,9,75,1,10,50.5,5.4,54,18,6,10,2,0,8.25,9.7,2.25
2018,152,17070,D. Jennings,15,11,101,0,10.9,17.5,10.87,163,11.6,14.8,15,0,0,7.83,4,1.48
2018,153,18209,M. Johnson,8,6,102,1,9.8,29.4,14.38,115,28.8,19.2,8,0,0,7.5,4,2.75
2018,154,20295,V. Smith,10,5,91,1,6.5,61,21.7,217,54.2,43.4,10,2,2,7,6.8,2.01
2018,155,17480,E. Rogers,14,12,79,0,13.7,53.1,4.64,65,21.7,5.4,14,0,0,7.86,11,1.39
2018,156,18014,L. Carroo,4,2,94,1,10.8,22.2,28.5,114,38,57,4,1,0,5,4.4,4.7
2018,157,15066,B. Butler,10,6,60,1,9.3,38.8,14.5,145,24.2,24.2,10,0,1,6,6.8,1.8
2018,158,20372,C. Batson,11,8,82,0,7.4,34.4,6.82,75,9.4,9.4,11,0,0,7.27,5.3,1.48
2018,159,18401,T. Lewis,3,3,60,1,4.5,16.5,19.67,59,8.4,19.7,3,0,0,8.33,1.3,4.67
2018,160,16919,J. Nelson,19,7,64,0,12.2,31.8,19.74,375,41.7,53.6,19,0,2,5.39,6.9,0.71
2018,161,16768,K. White,8,4,92,0,8.9,44.8,24.12,193,64.3,48.2,8,0,0,4.69,7.8,1.65
2018,162,17938,C. Coleman,8,5,71,0,6.5,26.1,12.88,103,12.9,20.6,8,1,1,7.5,3.1,1.58
2018,163,16305,D. Thomas,5,3,29,1,17.2,11.8,15.2,76,19,25.3,5,1,1,8,3.8,2.5
2018,164,20006,R. Gage,10,6,63,0,15.9,15,10.2,102,14.6,17,10,1,0,8.5,3.8,1.23
2018,165,12722,K. Aiken,7,6,53,0,9.9,49.3,7,49,24.5,8.2,7,0,0,6.43,7.2,1.61
2018,166,13117,D. Harris,6,6,40,0,11.5,5.9,-0.67,-4,-0.3,-0.7,6,1,0,8.75,1.2,1.87
2018,167,19080,N. Brown,8,5,54,0,10.4,21.2,9.25,74,12.3,14.8,8,2,1,6.56,4,1.3
2018,168,16899,R. Greene,8,6,60,0,9.2,20.4,8,64,9.1,10.7,8,0,0,6.88,3.5,1.25
2018,169,19348,J. Wilson,5,4,52,0,10,21.4,8.6,43,10.8,10.8,5,0,0,7.5,3.5,1.84
2018,170,20477,D. Willies,5,3,61,0,20,35.2,10.8,54,54,18,5,0,0,6.5,11.9,1.82
2018,171,20170,J. Davis,8,4,40,0,13.1,14.6,15.88,127,18.1,31.8,8,0,1,4.38,3.1,1
2018,172,20582,C. Beebe,4,4,39,0,9.5,26.1,6.75,27,9,6.8,4,0,0,8.12,4.2,1.98
2018,173,20057,A. Tate,12,4,35,0,16.9,25.9,11.25,135,27,33.8,12,3,1,5.62,7.5,0.62
2018,174,13788,R. Matthews,9,5,24,0,6.8,37.7,4.78,43,7.2,8.6,9,1,0,6.39,5.2,0.82
2018,175,20011,J. Wims,5,4,32,0,25,16.7,6,30,15,7.5,5,1,0,5,9.6,1.44
2018,176,19961,R. McCloud,6,5,36,0,,0,,,,,6,0,0,,2.5,1.17
2018,177,20462,J. Tolliver,6,3,37,0,7.1,49.7,12.5,75,25,25,6,1,0,5.83,5.6,1.12
2018,178,19060,S. Gibson,3,1,48,0,6.2,19.4,30.67,92,23,92,3,0,0,5,2.1,1.93
2018,179,14978,J. Hunter,13,3,21,0,10.7,44.9,19.92,259,64.8,86.3,13,0,3,4.04,7.9,0.39
2018,180,14424,B. Quick,3,3,18,0,13.6,18.2,5,15,7.5,5,3,0,0,8.33,4.2,1.6
2018,181,18157,C. Peake,3,2,25,0,7.1,18.2,9.33,28,7,14,3,0,0,10,2.1,1.5
2018,182,20684,M. Turner,3,2,20,0,25,7,3.33,10,3.3,5,3,0,0,6.67,4.2,1.33
2018,183,15088,T. Williams,3,2,18,0,12.5,23.8,8.67,26,13,13,3,0,0,6.67,5.8,1.27
2018,184,15268,N. Williams,4,2,17,0,6.1,26.8,9,36,9,18,4,0,0,8.12,3.3,0.92
2018,185,20679,K. Hodge,3,2,17,0,8.3,17.6,8,24,8,12,3,1,0,6.67,2.3,1.23
2018,186,19755,R. Cracraft,2,1,44,0,9.1,4.5,36.5,73,9.1,73,2,0,0,6.25,0.7,1.7
2018,187,19779,B. Zylstra,2,1,23,0,20,3.7,7,14,2.8,14,2,0,0,5,1.3,1.65
2018,188,19358,G. Dieter,3,1,22,0,13.6,18,20,60,30,60,3,0,0,6.67,4.7,1.07
2018,189,12794,J. Kerley,4,2,7,0,8,90.9,1.5,6,6,3,4,0,0,6.88,12.5,0.68
2018,190,19212,T. White,1,1,14,0,50,0.9,12,12,4,12,1,0,0,10,0.7,2.4
2018,191,16848,S. Coates,2,1,12,0,5.6,24.8,4.5,9,4.5,9,2,1,0,6.25,2.7,1.1
2018,192,19006,J. Malone,5,1,12,0,14.3,20.5,8.2,41,13.7,41,5,0,0,6,4.6,0.44
2018,193,19317,V. Bolden,4,1,10,0,7.7,25.2,12.25,49,16.3,49,4,1,0,6.88,3.4,0.5
2018,194,20599,C. Phillips,1,1,9,0,11.1,15,5,5,5,5,1,0,0,7.5,2.5,1.9
2018,195,17141,D. Byrd,2,1,8,0,10,4.9,13,26,3.7,26,2,0,0,6.25,0.9,0.9
2018,196,19306,K. Hatcher,2,1,8,0,100,3.8,6.5,13,13,13,2,0,0,8.75,6.1,0.9
2018,197,20478,D. Kidsy,2,1,8,0,20,25,9.5,19,19,19,2,0,0,5,7.4,0.9
2018,198,19044,J. Agnew,0,0,0,0,,0,,0,0,,0,0,0,,0,
2018,199,19361,M. Kemp,2,1,7,0,100,1.2,3,6,2,6,2,0,0,1.25,2.2,0.85
2018,200,20145,A. Lazard,1,1,7,0,25,7.5,6,6,6,6,1,0,0,10,2.8,1.7
2018,201,19922,J. Watson,3,1,5,0,23.1,7,4.67,14,4.7,14,3,0,0,5,2.7,0.5
2018,202,19935,J. Moore,3,2,15,0,6,13.5,3.67,11,1.8,5.5,3,0,0,5.83,1.2,0.5
2018,203,19015,J. Chesson,2,1,7,0,50,2.5,11.5,23,7.7,23,2,0,0,7.5,2,0.65
2018,204,8771,D. Heyward-Bey,2,1,9,0,3.9,11.3,15.5,31,4.4,31,2,0,1,6.25,0.7,0.6
2018,205,8373,B. Tate,0,0,0,0,,0,,0,0,,0,0,0,,0,
2018,206,8529,M. Wallace,3,0,0,0,5.1,95.2,36.33,109,109,,3,0,0,4.17,8.6,0
2018,207,16529,F. Martino,1,0,0,0,7.7,10.2,5,5,2.5,,1,1,1,5,1.3,0
2018,208,16946,G. Davis,1,0,0,0,7.7,10.9,-6,-6,-3,,1,0,0,0,1.9,0
2018,209,18039,P. Cooper,1,0,0,0,12.5,1.9,6,6,0.9,,1,0,0,5,0.4,0
2018,210,18080,T. Davis,0,0,0,0,,0,,0,0,,0,0,0,,0,
2018,211,18241,J. Holton,1,0,0,0,20,9.4,40,40,40,,1,0,0,7.5,3,0
2018,212,18673,J. Mickens,0,0,0,0,0,0.5,,0,0,,0,0,0,,0,
2018,213,19098,I. Ford,1,0,0,0,9.1,23.4,0,0,0,,1,1,0,0,4.2,0
2018,214,19100,S. Coley,1,0,0,0,11.1,7.4,8,8,4,,1,0,0,7.5,1.3,0
2018,215,19668,L. Lenoir,0,0,0,0,,0,,0,0,,0,0,0,,0,
2018,216,20117,D. Scott,0,0,0,0,0,1.6,,0,0,,0,0,0,,0,
2018,217,20341,Q. Henderson,0,0,0,0,,0,,0,0,,0,0,0,,0,
2018,218,20511,C. Lacy,1,0,0,0,2.9,49.3,9,9,9,,1,1,0,2.5,3.1,0
2018,219,20585,J. Grant,0,0,0,0,0,14.1,,0,0,,0,0,0,,0,
2018,220,20310,J. Jones,1,1,3,0,20,2.2,0,0,0,0,1,0,0,0,0.7,-0.7
2018,221,14111,R. Streater,0,0,0,0,0,21.1,,0,0,,0,0,0,,0,
2018,222,16944,K. Clay,0,0,0,0,0,0.8,,0,0,,0,0,0,,0,
2018,223,19184,J. Natson,0,0,0,0,,0,,0,0,,0,0,0,,0,
2018,224,19504,R. McCarron,1,0,0,0,7.1,20,27,27,27,,1,0,0,5,2.6,-2
2017,1,14986,D. Hopkins,174,96,1378,13,18.1,100,13.73,2389,159.3,24.9,174,19,24,,35.2,1.78
2017,2,11056,A. Brown,162,101,1533,9,19.3,92,13.73,2225,158.9,22,162,21,14,,30.7,1.9
2017,3,15076,K. Allen,159,102,1393,6,19.9,79.9,9.43,1499,93.7,14.7,159,24,14,,27.7,1.79
2017,4,16020,J. Landry,161,112,987,9,17.8,93.9,6.23,1003,62.7,9,161,23,9,,27.4,1.61
2017,5,5571,L. Fitzgerald,161,109,1156,6,15.9,100,8.65,1392,87,12.8,161,20,7,,27.2,1.61
2017,6,17960,M. Thomas,149,104,1245,5,17.7,86,9.58,1428,89.2,13.7,149,16,6,,28.1,1.73
2017,7,13291,J. Jones,148,88,1444,3,19.7,78.4,14.95,2212,138.2,25.1,148,19,15,,28.6,1.7
2017,8,18082,T. Hill,105,75,1183,7,13.9,85.6,12.25,1286,85.7,17.1,105,4,5,,21.3,2.29
2017,9,15534,A. Thielen,143,91,1276,4,14.7,94.6,10.99,1572,98.2,17.3,143,16,9,,27.4,1.68
2017,10,12845,A. Green,143,75,1078,8,17.5,92,13.18,1885,117.8,25.1,143,16,13,,29.2,1.59
2017,11,13870,M. Jones Jr.,107,61,1101,9,11.4,100,15.75,1685,105.3,27.6,107,15,15,,18.9,2.1
2017,12,11611,G. Tate,120,92,1003,5,15.9,80.8,5.95,714,44.6,7.8,120,8,1,,21.2,1.85
2017,13,16470,D. Adams,118,74,885,10,15.9,89.8,9.46,1116,79.7,15.1,118,23,6,,24.4,1.89
2017,14,13460,D. Baldwin,116,75,991,8,14.6,82.4,13.27,1539,96.2,20.5,116,8,10,,22.1,1.91
2017,15,16568,B. Cooks,114,65,1082,7,11.5,95.6,15.88,1810,113.1,27.8,114,12,4,,19.5,1.92
2017,16,11197,D. Thomas,140,83,949,5,16.3,84,10.91,1528,95.5,18.4,140,17,8,,25.4,1.47
2017,17,16597,M. Evans,136,71,1001,5,16.1,91.1,14.22,1934,128.9,27.2,136,19,21,,24.2,1.48
2017,18,18187,R. Anderson,114,63,941,7,14.5,84.1,13.34,1521,95.1,24.1,114,10,15,,23,1.75
2017,19,16906,S. Diggs,95,64,849,8,12.8,82.9,11.76,1117,79.8,17.5,95,14,8,,20.9,2.09
2017,20,16802,D. Funchess,112,63,840,8,13.4,84.1,13.37,1497,93.6,23.8,112,16,9,,22.7,1.74
2017,21,16781,N. Agholor,95,62,768,8,12.2,75,10.2,969,60.6,15.6,95,18,8,,17.1,2.04
2017,22,18883,J. Smith-Schuster,79,58,917,7,12,75.5,11.15,881,62.9,15.2,79,15,4,,16.6,2.43
2017,23,14187,A. Jeffery,120,57,789,9,13.7,84.5,14.55,1746,109.1,30.6,120,17,17,,21.6,1.58
2017,24,11270,D. Bryant,131,69,838,6,15.3,88,12.13,1589,99.3,23,131,20,17,,27.1,1.42
2017,25,18882,C. Kupp,94,62,869,5,13.2,78.2,9.5,893,59.5,14.4,94,23,6,,19.7,1.88
2017,26,14749,J. Kearse,102,65,810,5,12.5,87.4,9.24,942,58.9,14.5,102,8,6,,20.6,1.73
2017,27,14005,T. Hilton,109,57,966,4,12.2,95.4,14.03,1529,95.6,26.8,109,10,6,,23.1,1.61
2017,28,15196,K. Stills,105,58,847,6,11.8,92.8,15.13,1589,99.3,27.4,105,10,8,,17.9,1.66
2017,29,13878,M. Sanu Sr.,96,67,703,5,13.4,79.4,8.02,770,51.3,11.5,96,12,8,,19.9,1.82
2017,30,14865,M. Goodwin,105,56,962,2,13.7,75.6,15.46,1623,101.4,29,105,15,8,,17.5,1.61
2017,31,9331,M. Crabtree,101,58,618,8,17.4,77.1,11.64,1176,90.5,20.3,101,14,17,,22.1,1.66
2017,32,14871,R. Woods,85,56,781,5,13.5,84.3,10.78,916,76.3,16.4,85,9,4,,22.5,1.92
2017,33,12109,T. Ginn Jr.,70,53,787,4,11.7,65.3,12.14,850,56.7,16,70,7,4,,14.2,2.28
2017,34,16765,A. Cooper,96,48,680,7,14,85.5,11.65,1118,79.9,23.3,96,10,5,,20,1.65
2017,35,16866,J. Crowder,103,66,789,3,15.7,74.1,6.94,715,47.7,10.8,103,14,4,,20.4,1.54
2017,36,13227,R. Cobb,92,66,653,4,13.8,79.5,5.8,534,38.1,8.1,92,6,3,,18.7,1.71
2017,37,13788,R. Matthews,87,53,795,4,12.6,82.6,12.1,1053,75.2,19.9,87,8,5,,19.8,1.8
2017,38,8529,M. Wallace,92,52,748,4,13.1,72.6,13.45,1237,82.5,23.8,92,12,6,,17,1.64
2017,39,16694,P. Richardson,80,44,703,6,10.3,80.3,15.62,1250,78.1,28.4,80,11,6,,15.2,1.88
2017,40,16003,S. Watkins,70,39,593,8,9.3,82.1,14.66,1026,68.4,26.3,70,10,6,,14.7,2.09
2017,41,16258,M. Lee,96,56,702,3,14,80.8,11.15,1070,82.3,19.1,96,8,6,,23.6,1.52
2017,42,17961,S. Shepard,84,59,731,2,13.1,90.8,9.43,792,72,13.4,84,11,1,,18.4,1.72
2017,43,9906,D. Amendola,86,61,659,2,16.4,54.2,9.15,787,52.5,12.9,86,12,2,,15.8,1.62
2017,44,3943,D. Jackson,90,50,668,3,15.9,65.5,15.97,1437,102.6,28.7,90,6,9,,17.3,1.54
2017,45,17048,T. Williams,69,43,728,4,8.6,80.3,13.67,943,58.9,21.9,69,1,3,,12,2
2017,46,4556,J. Nelson,88,53,482,6,11.4,93.4,10.72,943,67.4,17.8,88,12,4,,18.5,1.56
2017,47,16550,K. Benjamin,78,48,692,3,13.2,69.6,11.92,930,66.4,19.4,78,10,7,,17.7,1.73
2017,48,19514,K. Cole,83,42,748,3,11.7,67.5,12.88,1069,66.8,25.5,83,5,5,,16.1,1.6
2017,49,16146,M. Bryant,84,50,603,3,13,66.7,14.81,1244,82.9,24.9,84,9,8,,15.2,1.55
2017,50,16775,D. Parker,96,57,670,1,14.6,85,13.23,1270,97.7,22.3,96,12,6,,20.2,1.35
2017,51,17290,A. Humphries,83,61,631,1,13.8,60.6,6.54,543,33.9,8.9,83,5,0,,13.9,1.55
2017,52,13957,K. Wright,91,59,614,1,17.3,61.1,7.47,680,45.3,11.5,91,7,2,,19.7,1.39
2017,53,16411,R. Grant,65,45,573,4,10.8,64.1,9.91,644,40.2,14.3,65,9,3,,12.2,1.94
2017,54,11463,B. LaFell,89,52,548,3,11,91.4,8.78,781,48.8,15,89,11,6,,18.2,1.4
2017,55,13887,T. Benjamin,65,34,567,4,12.9,50.4,13.98,909,56.8,26.7,65,2,5,,11.3,1.91
2017,56,17939,J. Doctson,78,35,502,6,11.1,79.5,14.6,1139,75.9,32.5,78,16,15,,15.8,1.54
2017,57,16830,T. Lockett,71,45,555,2,10.9,67.7,13.68,971,60.7,21.6,71,8,7,,13.5,1.67
2017,58,11182,E. Decker,83,54,563,1,12,73.8,9.86,818,51.1,15.1,83,11,3,,17.1,1.4
2017,59,16308,A. Wilson,62,42,554,3,12.2,65.5,5.92,367,28.2,8.7,62,12,1,,14.6,1.87
2017,60,11063,E. Sanders,92,47,555,2,14.9,79.7,10.82,995,82.9,21.2,92,10,5,,22.3,1.24
2017,61,17916,W. Fuller V,50,28,423,7,10,84.6,15.8,790,79,28.2,50,5,6,,16.3,2.26
2017,62,15088,T. Williams,78,53,568,0,11.3,71.1,8.97,700,43.8,13.2,78,6,8,,16.1,1.43
2017,63,14828,C. Hogan,59,34,439,5,10.7,94.2,14.02,827,91.9,24.3,59,12,8,,16.9,1.86
2017,64,13856,D. Thompson,68,38,555,2,10.5,67.2,15.41,1048,65.5,27.6,68,6,6,,13.6,1.54
2017,65,15509,J. Brown,69,31,477,4,10.1,76.7,17.06,1177,84.1,38,69,11,6,,13.5,1.49
2017,66,8914,J. Maclin,72,40,440,3,14.4,65.8,9.99,719,59.9,18,72,4,1,,18.2,1.42
2017,67,16253,A. Hurns,56,39,484,2,11,78,9.48,531,53.1,13.6,56,7,4,,17.6,1.78
2017,68,19064,T. Taylor,60,43,430,2,12.8,48.9,7.97,478,31.9,11.1,60,7,3,,10.5,1.61
2017,69,18977,K. Golladay,48,28,477,3,10.6,73.3,14.88,714,64.9,25.5,48,5,5,,13,1.97
2017,70,16919,J. Nelson,61,29,508,2,12.6,48.2,17.95,1095,68.4,37.8,61,3,4,,10.3,1.53
2017,71,18880,C. Godwin,55,34,525,1,13.2,44.7,12.87,708,47.2,20.8,55,8,6,,9.9,1.68
2017,72,14141,C. Beasley,63,36,314,4,11.9,58.3,8.35,526,35.1,14.6,63,7,4,,13.9,1.45
2017,73,12830,T. Smith,68,36,430,2,9.8,66.8,12.76,868,54.2,24.1,68,5,2,,12.2,1.33
2017,74,16326,S. Roberts,65,43,455,1,9.5,79,9.8,637,42.5,14.8,65,4,2,,12.9,1.39
2017,75,6767,P. Garcon,67,40,500,0,16.1,83.9,9.78,655,81.9,16.4,67,5,0,,21.5,1.34
2017,76,18285,R. Lewis,72,36,416,2,11.6,72.9,10.69,770,55,21.4,72,8,3,,13.7,1.24
2017,77,16276,B. Fowler,56,29,350,3,11,53.1,10.64,596,39.7,20.6,56,9,4,,10.7,1.46
2017,78,16129,T. Gabriel,51,33,378,1,10.5,50.5,7.35,375,23.4,11.4,51,6,1,,9.9,1.6
2017,79,16232,D. Moncrief,47,26,391,2,7.6,88,14.83,697,58.1,26.8,47,7,5,,12.8,1.64
2017,80,16456,T. Jones,49,30,399,1,13.8,45.9,10.84,531,40.8,17.7,49,6,3,,10.2,1.55
2017,81,16664,B. Ellington,56,29,330,2,10.1,78.6,10.66,597,54.3,20.6,56,7,2,,14.5,1.35
2017,82,16389,O. Beckham Jr.,41,25,302,3,19.8,82.1,12.8,525,131.2,21,41,4,5,,25,1.8
2017,83,16567,B. Coleman,37,23,364,3,6.9,61.2,9.38,347,24.8,15.1,37,8,5,,7.9,1.98
2017,84,18926,Z. Jones,74,27,316,2,10.3,84.2,13.84,1024,73.1,37.9,74,11,12,,17.4,0.95
2017,85,16640,J. Brown,55,21,299,3,11.5,76.9,14.69,808,80.8,38.5,55,6,5,,14.7,1.27
2017,86,18879,C. Davis,65,34,375,0,15.2,66.1,9.92,645,58.6,19,65,5,1,,19.3,1.07
2017,87,18089,R. Higgins,50,27,312,2,8.3,70.7,10.34,517,36.9,19.1,50,4,3,,9.9,1.37
2017,88,14795,J. Bellamy,46,24,376,1,12,75.9,13.24,609,67.7,25.4,46,3,2,,15.1,1.48
2017,89,18992,D. Westbrook,51,27,339,1,13.8,80,11.76,600,85.7,22.2,51,4,1,,21.9,1.31
2017,90,18030,C. Moore,38,18,248,3,10.4,44.1,14.26,542,41.7,30.1,38,6,5,,8.4,1.73
2017,91,17938,C. Coleman,57,23,305,2,13.2,84.9,12.91,736,81.8,32,57,7,4,,19.3,1.15
2017,92,16728,D. Inman,44,25,343,1,12.2,68.1,13.48,593,59.3,23.7,44,6,5,,13.3,1.48
2017,93,15066,B. Butler,23,15,317,3,12.6,23.2,17.7,407,31.3,27.1,23,4,2,,5.9,2.81
2017,94,18036,R. Louis,61,27,357,0,11.8,60.9,13.44,820,58.6,30.4,61,4,2,,12.1,1.03
2017,95,15038,T. King,37,18,240,3,9.4,80.3,13.49,499,62.4,27.7,37,3,4,,13.1,1.63
2017,96,16868,J. Hardy,29,20,221,3,10.7,44.7,9.76,283,28.3,14.2,29,7,3,,8.7,2.07
2017,97,16278,C. Latimer,31,19,287,2,8.7,49.8,11.61,360,32.7,18.9,31,2,4,,8.4,1.93
2017,98,18361,C. Rogers,37,23,284,1,8.8,71.4,9.41,348,34.8,15.1,37,2,1,,12.6,1.57
2017,99,8532,K. Britt,43,20,256,2,12.3,46.8,11.86,510,42.5,25.5,43,4,2,,10,1.34
2017,100,14587,J. Gordon,43,18,335,1,17.1,90.6,15.28,657,131.4,36.5,43,2,3,,26.4,1.34
2017,101,15974,J. Matthews,36,25,282,1,7.4,82.2,6.78,244,24.4,9.8,36,4,1,,12.6,1.59
2017,102,13171,A. Robinson,48,19,260,2,12.6,42.3,11.38,546,39,28.7,48,4,1,,9,1.19
2017,103,17986,T. Boyd,32,22,225,2,10,53.3,6.47,207,20.7,9.4,32,2,1,,10,1.77
2017,104,13693,T. Pryor,37,20,240,1,11.1,70.6,11.27,417,52.1,20.8,37,4,5,,13.9,1.35
2017,105,14465,J. Wright,25,18,198,2,12.9,24.9,7.2,180,15,10,25,2,1,,6.3,1.99
2017,106,18971,T. Taylor,28,16,231,1,14.1,21.2,10.71,300,18.8,18.8,28,1,0,,5.8,1.76
2017,107,12794,J. Kerley,27,22,217,1,10,59.5,8.63,233,29.1,10.6,27,1,1,,11.6,1.77
2017,108,16081,M. Campanaro,27,19,173,1,10.5,31,5.67,153,11.8,8.1,27,2,2,,5.9,1.72
2017,109,18103,J. Grant Sr.,22,13,203,2,16.3,14.9,9.41,207,13.8,15.9,22,1,2,,4,2.11
2017,110,18269,G. Allison,39,23,253,0,13.5,40.4,8,312,26,13.6,39,5,2,,8.9,1.19
2017,111,14850,R. Shepard,33,17,202,1,7.7,52.8,8.33,275,21.2,16.2,33,4,0,,8.1,1.37
2017,112,18241,J. Holton,18,9,218,3,11.5,26.2,18.89,340,34,37.8,18,1,3,,5,2.49
2017,113,19023,M. Hollins,22,16,226,1,9.5,32.6,12.36,272,24.7,17,22,0,0,,5.6,2.03
2017,114,13264,A. Holmes,23,13,120,3,8.6,43.8,14.52,334,33.4,25.7,23,5,2,,7.5,1.87
2017,115,18047,D. Robinson,39,21,212,0,9.3,74,11.44,446,44.6,21.2,39,8,4,,11.9,1.08
2017,116,19318,K. Bourne,34,16,257,0,13.7,39,13.09,445,44.5,27.8,34,8,4,,9.4,1.23
2017,117,17964,B. Miller,29,19,162,1,7.4,65.1,8.79,255,25.5,13.4,29,4,2,,9.2,1.42
2017,118,16305,D. Thomas,16,14,143,2,10.5,20.1,6.88,110,8.5,7.9,16,2,0,,3.8,2.54
2017,119,17914,L. Treadwell,35,20,200,0,9.2,45.6,12,420,32.3,21,35,1,1,,8,1.14
2017,120,17480,E. Rogers,36,18,149,1,11,43.4,8.28,298,24.8,16.6,36,9,1,,8.3,1.02
2017,121,18197,A. Erickson,16,12,180,1,11,16.5,11.25,180,11.2,15,16,1,0,,3.3,2.22
2017,122,17141,D. Byrd,17,10,105,2,10.1,35.7,9.18,156,19.5,15.6,17,3,2,,7.5,1.98
2017,123,11667,B. Marshall,33,18,154,0,12.8,85.1,10.55,348,69.6,19.3,33,2,1,,16.3,1.01
2017,124,18928,C. Samuel,26,15,115,0,13.7,37,9.58,249,31.1,16.6,26,1,0,,9.6,1.27
2017,125,16790,P. Dorsett II,18,12,194,0,7.1,38.3,20.44,368,36.8,30.7,18,1,0,,5.1,1.78
2017,126,16837,C. Conley,16,11,175,0,5.8,93.2,16.19,259,51.8,23.5,16,0,1,,10.4,1.78
2017,127,12722,K. Aiken,44,15,133,0,8.2,64.7,10,440,31.4,29.3,44,4,3,,10.4,0.64
2017,128,19017,J. Reynolds,24,11,104,1,12.2,43.4,8.92,214,26.8,19.5,24,8,6,,9.4,1.14
2017,129,17153,J. Taylor,20,13,142,0,8.5,40.2,10,200,22.2,15.4,20,1,0,,6.3,1.36
2017,130,18401,T. Lewis,15,10,116,1,15.6,11.4,9.6,144,10.3,14.4,15,2,2,,3.2,1.8
2017,131,8777,L. Murphy,17,8,121,1,9.1,48.6,10.12,172,28.7,21.5,17,4,2,,8.7,1.54
2017,132,18673,J. Mickens,11,6,77,2,11.7,15.2,7.73,85,9.4,14.2,11,5,0,,3.4,2.15
2017,133,17004,T. McBride,15,8,144,0,7.9,54.9,14.47,217,36.2,27.1,15,0,0,,8.8,1.49
2017,134,15714,B. Bersin,14,8,128,0,10.9,35.9,14.93,209,34.8,26.1,14,2,1,,8,1.49
2017,135,18914,M. Williams,23,11,95,0,11.3,35.6,11.96,275,30.6,25,23,4,4,,7.5,0.89
2017,136,8373,B. Tate,14,6,81,1,10.7,16.4,11.29,158,12.2,26.3,14,3,2,,3.7,1.44
2017,137,19006,J. Malone,17,6,63,1,9.8,36.8,13.82,235,26.1,39.2,17,2,1,,6.2,1.09
2017,138,19021,C. Hansen,16,9,94,0,7.4,55.8,11.56,185,30.8,20.6,16,1,0,,7.8,1.15
2017,139,19539,T. Rudolph,21,8,101,0,9,64.2,7.71,162,27,20.2,21,1,0,,11.1,0.86
2017,140,18039,P. Cooper,19,11,84,0,10.1,19.4,6.16,117,7.3,10.6,19,3,0,,3.7,0.95
2017,141,14478,M. Floyd,17,10,78,0,12.8,20.1,7,119,11.9,11.9,17,0,0,,5.1,1.05
2017,142,16787,B. Perriman,35,10,77,0,10.1,48.1,12.97,454,41.3,45.4,35,3,3,,9.3,0.51
2017,143,17079,K. Williams,18,9,84,0,15.3,31.5,10.56,190,31.7,21.1,18,2,0,,7.9,0.97
2017,144,18965,A. Stewart,13,6,82,0,7.2,25.4,8.85,115,9.6,19.2,13,1,0,,3.4,1.3
2017,145,18283,H. Sharp,9,5,54,1,8.7,53.9,8.67,78,26,15.6,9,1,1,,8.4,1.82
2017,146,18443,M. Harris,6,4,62,1,10.9,23.3,10.5,63,15.8,15.8,6,0,1,,4.4,2.7
2017,147,8771,D. Heyward-Bey,3,2,47,0,6.7,12.2,17,51,8.5,25.5,3,1,0,,1.7,5.3
2017,148,16141,W. Snead IV,16,8,92,0,8.5,39.9,7.5,120,15,15,16,3,0,,6.1,0.95
2017,149,16944,K. Clay,20,6,85,0,8.3,31.1,12.85,257,19.8,42.8,20,0,1,,5.5,0.76
2017,150,18985,A. Darboh,13,8,71,0,12.4,22.2,12.69,165,20.6,20.6,13,1,2,,5,1.16
2017,151,16529,F. Martino,6,5,96,0,16.7,11.5,11.67,70,14,14,6,0,0,,3.3,2.43
2017,152,8662,M. Thomas,7,5,93,0,8,25.7,11.43,80,13.3,16,7,0,0,,3.7,2.04
2017,153,18717,M. Hall,9,2,60,1,18.4,14.2,15.56,140,23.3,70,9,2,1,,5,1.56
2017,154,18014,L. Carroo,14,7,69,0,12.5,45,7.5,105,26.2,15,14,1,0,,8.9,0.99
2017,155,14424,B. Quick,8,6,76,0,11.6,24.8,7.38,59,11.8,9.8,8,1,0,,4.7,1.7
2017,156,18080,T. Davis,7,5,70,0,7.3,10.7,10,70,4.7,14,7,0,0,,1.3,1.9
2017,157,18602,T. McEvoy,10,5,113,0,10.6,18.8,17.5,175,21.9,35,10,2,3,,3.6,1.33
2017,158,16848,S. Coates,11,6,70,0,19,16,12.18,134,22.3,22.3,11,0,0,,4.9,1.18
2017,159,16831,J. Strong,4,3,38,1,10.3,50,8.25,33,33,11,4,1,1,,8,3.2
2017,160,14978,J. Hunter,10,4,23,1,22.7,13.2,11.3,113,22.6,28.2,10,2,3,,5.3,1.23
2017,161,15725,B. Golden,9,5,70,0,17.6,12.4,4.28,38.5,5.5,7.7,9,2,0,,3.6,1.33
2017,162,18611,B. Treggs,18,5,79,0,12.2,38.4,15.11,272,45.3,54.4,18,0,1,,8.5,0.64
2017,163,19348,J. Wilson,1,1,18,1,,0,0,0,0,0,1,1,0,,0.9,9.6
2017,164,18209,M. Johnson,8,5,45,0,8.9,24.5,17.88,143,23.8,28.6,8,0,1,,4.5,1.19
2017,165,18974,C. Williams,7,3,31,0,8.2,22.1,13.14,92,15.3,30.7,7,0,0,,3.2,1.34
2017,166,19008,R. Switzer,7,6,41,0,9,8,4.29,30,1.9,5,7,1,0,,1.4,1.23
2017,167,14973,M. Wheaton,17,3,51,0,10.4,41,14.24,242,34.6,80.7,17,0,0,,7.6,0.48
2017,168,19233,M. Clark,14,4,41,0,17.7,64.2,16.57,232,116,58,14,1,1,,19.7,0.58
2017,169,16469,J. Abbrederis,7,3,44,0,15.2,38,7,49,24.5,16.3,7,2,0,,8.1,1.06
2017,170,19080,N. Brown,9,4,33,0,12,18.2,7,63,9,15.8,9,1,0,,4.7,0.81
2017,171,17355,Q. Bray,4,3,39,0,8.9,8.5,9.75,39,4.3,13,4,0,0,,1.4,1.72
2017,172,19431,T. Gentry,6,3,35,0,3.4,77.2,12,72,18,24,6,1,0,,6,1.08
2017,173,14594,G. Whalen,6,4,23,0,8,62,10.5,63,31.5,15.8,6,0,0,,10,1.05
2017,174,15268,N. Williams,4,3,30,0,15.4,36.6,10.75,43,43,14.3,4,0,0,,9.5,1.5
2017,175,16536,B. Reedy,2,2,21,0,11.1,2.7,6.5,13,1.2,6.5,2,0,0,,0.5,2.9
2017,176,16731,C. Matthews,6,3,25,0,14.6,22.4,8.67,52,17.3,17.3,6,2,2,,5.2,0.92
2017,177,19184,J. Natson,5,2,18,0,26.3,4.4,12.4,62,8.9,31,5,0,0,,2.2,1.06
2017,178,19044,J. Agnew,2,2,18,0,33.3,2.5,-1.5,-3,-0.8,-1.5,2,0,0,,1.4,2.35
2017,179,19015,J. Chesson,4,2,18,0,5.9,38.9,0.75,3,1,1.5,4,0,0,,3.8,0.95
2017,180,17799,J. Leslie,1,1,26,0,8.3,17.6,22,22,22,22,1,0,0,,2.2,3.6
2017,181,17269,D. White,7,1,24,0,8,77,24,168,84,168,7,0,0,,10.6,0.49
2017,182,18581,D. Powe,4,2,13,0,8.5,62.7,9.75,39,39,19.5,4,0,0,,8.7,0.82
2017,183,19043,I. McKenzie,13,4,29,0,10.2,18.1,16.08,209,19,52.2,13,1,2,,3.3,0.25
2017,184,16480,J. Janis,5,2,12,0,12.2,13.5,19.2,96,19.2,48,5,0,0,,2.7,0.64
2017,185,19060,S. Gibson,3,2,11,0,30,19.2,4.33,13,13,6.5,3,0,0,,9.1,1.03
2017,186,16263,A. Robinson II,1,1,17,0,33.3,5,16,16,16,16,1,0,0,,4.8,2.7
2017,187,16768,K. White,4,2,6,0,9.3,72.9,4.25,17,17,8.5,4,0,0,,10,0.65
2017,188,11501,A. Benn,2,1,12,0,5.9,12.3,7,14,3.5,14,2,0,0,,1.7,1.1
2017,189,6211,H. Douglas,3,1,8,0,23.1,24.5,8.67,26,26,26,3,0,0,,12.5,0.6
2017,190,14920,C. Hamilton,6,1,8,0,12,48.5,16.17,97,48.5,97,6,0,0,,11.5,0.3
2017,191,3601,E. Weems,2,1,5,0,16.7,2.8,-0.5,-1,-0.1,-1,2,0,0,,0.9,0.75
2017,192,17237,L. Pinkard,1,1,5,0,50,3,5,5,5,5,1,0,0,,3.7,1.5
2017,193,18660,M. McCaffrey,1,1,4,0,16.7,5.4,-1,-1,-0.5,-1,1,0,0,,2,1.4
2017,194,18157,C. Peake,1,1,3,0,16.7,12.2,3,3,3,3,1,0,0,,4,1.3
2017,195,16012,M. Hazel,1,1,1,0,33.3,6.7,1,1,1,1,1,0,0,,4.8,1.1
2017,196,11565,A. Roberts,4,1,12,0,11.1,3.8,7.5,30,1.9,30,4,1,0,,0.8,0.05
2017,197,18422,K. Raymond,1,1,12,0,3.4,5.7,4,4,0.5,4,1,0,0,,0.3,0.1
2017,198,13117,D. Harris,0,0,0,0,0,2.6,,0,0,,0,0,0,,0,
2017,199,18116,C. Core,4,0,0,0,10.3,14.4,32.5,130,26,,4,0,0,,2.5,0
2017,200,18221,R. Scott,0,0,0,0,,0,,0,0,,0,0,0,,0,
2017,201,18506,E. Eagan,1,0,0,0,25,1.7,-2,-2,-0.5,,1,0,0,,0.8,0
2017,202,18654,K. Brent,1,0,0,0,11.1,14.8,13,13,13,,1,0,0,,4.2,0
2017,203,18711,M. Bundy,3,0,0,0,5.1,81.9,8.67,26,26,,3,1,1,,10.7,0
2017,204,19100,S. Coley,1,0,0,0,7.1,9.5,0,0,0,,1,0,0,,1.3,0
2017,205,19314,I. Whitney,1,0,0,0,4.5,33.8,51,51,51,,1,0,0,,2.9,0
2017,206,19317,V. Bolden,0,0,0,0,0,3.1,,0,0,,0,0,0,,0,
2017,207,18881,J. Ross,2,0,0,0,,0,0,0,0,,2,0,0,,2.1,-0.4