Season,Rk,ID,Name,Age,TGTS,REC,YDS,TD,Cushion,TGT_SEP,True_Catch_Rate,Contested_TGTS,Contested_REC,Contested_Rate,Y/REC,Y/TGT,Y/ROUTE,Total_Drops,Drop_Rate
2021,1,18882,C. Kupp,29,191,145,1947,16,4.36,1.66,93.54,62,13,20.96,13.42,10.19,3.32,4,2.09
2021,2,16470,D. Adams,29.5,169,123,1553,11,4.22,1.61,91.11,42,9,21.42,12.62,9.18,3.24,6,3.55
2021,3,20932,D. Samuel,26.4,120,77,1405,6,4.74,1.64,81.91,23,10,43.47,18.24,11.7,3.23,10,8.33
2021,4,21685,J. Jefferson,23.4,167,108,1616,10,4.38,1.53,81.2,30,10,33.33,14.96,9.67,2.75,11,6.58
2021,5,22564,J. Chase,22.3,128,81,1455,13,3.89,1.53,80.19,36,9,25,17.96,11.36,2.71,8,6.25
2021,6,18082,T. Hill,28.3,159,111,1239,9,4.26,1.68,88.09,30,6,20,11.16,7.79,2.31,6,3.77
2021,7,16906,S. Diggs,28.5,164,103,1225,10,4,1.56,87.28,35,14,40,11.89,7.46,2.16,4,2.43
2021,8,21077,D. Johnson,25.9,169,107,1161,8,3.68,1.89,81.67,28,12,42.85,10.85,6.86,1.95,9,5.32
2021,9,16597,M. Evans,28.8,113,74,1035,14,3.91,1.73,90.24,44,18,40.9,13.98,9.15,1.76,5,4.42
2021,10,20924,H. Renfrow,26.5,128,103,1038,9,4.02,2.14,91.96,26,7,26.92,10.07,8.1,2.08,4,3.12
2021,11,15076,K. Allen,30.1,157,106,1138,6,4.39,1.61,80.91,20,12,60,10.73,7.24,1.93,11,7
2021,12,18914,M. Williams,27.7,129,76,1146,9,3.98,1.41,80.85,30,16,53.33,15.07,8.88,2.11,8,6.2
2021,13,22598,J. Waddle,23.5,142,104,1015,6,4.27,1.85,110.63,28,10,35.71,9.75,7.14,1.87,5,3.52
2021,14,20875,D. Metcalf,24.5,129,75,967,12,5.12,1.23,76.53,31,11,35.48,12.89,7.49,2.1,7,5.42
2021,15,18880,C. Godwin,26.3,128,98,1103,5,4.08,1.62,92.45,25,10,40,11.25,8.61,2.07,7,5.46
2021,16,16830,T. Lockett,29.7,107,73,1175,8,5.13,1.67,97.33,20,8,40,16.09,10.98,2.57,0,0
2021,17,21744,M. Pittman Jr.,24.7,129,88,1082,6,4.5,1.75,88.88,42,17,40.47,12.29,8.38,2.11,4,3.1
2021,18,19844,D. Moore,25.2,162,93,1157,4,4.45,1.59,80.17,41,12,29.26,12.44,7.14,2.02,11,6.79
2021,19,21679,C. Lamb,23.2,120,79,1102,6,4.52,1.65,84.94,19,6,31.57,13.94,9.18,2.26,9,7.5
2021,20,16568,B. Cooks,28.7,133,90,1037,6,4.85,1.83,96.77,17,9,52.94,11.52,7.79,2.14,5,3.75
2021,21,22587,A. St. Brown,22.6,119,90,912,5,4.89,1.58,89.1,18,11,61.11,10.13,7.66,1.89,3,2.52
2021,22,21045,M. Brown,25,145,91,1008,6,5.66,1.74,85.84,30,5,16.66,11.07,6.95,1.94,7,4.82
2021,23,21961,D. Mooney,24.6,140,81,1055,4,5.49,1.95,77.14,36,7,19.44,13.02,7.53,2.05,4,2.85
2021,24,21690,T. Higgins,23.4,110,74,1091,6,4.33,1.7,78.72,40,10,25,14.74,9.91,2.42,5,4.54
2021,25,20873,T. McLaurin,26.7,131,77,1053,5,4.18,1.25,81.91,34,15,44.11,13.67,8.03,2.05,5,3.81
2021,26,19815,C. Kirk,25.6,103,77,982,5,4.7,1.76,87.5,20,12,60,12.75,9.53,2,6,5.82
2021,27,16765,A. Cooper,28,103,68,865,8,5.02,1.72,82.92,18,8,44.44,12.72,8.39,1.89,6,5.82
2021,28,15534,A. Thielen,31.8,95,67,726,10,4.76,1.35,89.33,27,11,40.74,10.83,7.64,1.74,0,0
2021,29,20876,J. Meyers,25.6,126,83,867,2,4.62,1.6,89.24,41,15,36.58,10.44,6.88,1.78,2,1.58
2021,30,21687,D. Smith,23.6,103,64,916,5,4.53,1.78,81.01,34,11,32.35,14.31,8.89,2.15,5,4.85
2021,31,17986,T. Boyd,27.6,94,67,828,5,4.19,1.94,95.71,21,6,28.57,12.35,8.8,1.66,1,1.06
2021,32,21042,A. Brown,24.9,105,63,869,5,4.49,1.47,82.89,23,12,52.17,13.79,8.27,2.72,6,5.71
2021,33,19318,K. Bourne,26.8,70,55,800,5,4.47,1.7,96.49,18,7,38.88,14.54,11.42,2.12,2,2.85
2021,34,13870,M. Jones Jr.,32.2,118,73,832,4,4.99,1.36,96.05,32,17,53.12,11.39,7.05,1.47,6,5.08
2021,35,21747,B. Aiyuk,24.2,85,56,826,5,5.15,1.36,80,21,10,47.61,14.75,9.71,1.88,3,3.52
2021,36,21739,V. Jefferson,25.9,89,50,802,6,4.62,1.42,74.62,31,5,16.12,16.04,9.01,1.55,11,12.35
2021,37,21752,C. Claypool,23.9,105,59,860,2,4.17,1.27,71.08,34,17,50,14.57,8.19,1.77,7,6.66
2021,38,20006,R. Gage,26.4,93,66,770,4,4.51,1.76,88,16,6,37.5,11.66,8.27,2.18,5,5.37
2021,39,14141,C. Beasley,33.1,112,82,693,1,4.27,1.85,92.13,18,3,16.66,8.45,6.18,1.61,6,5.35
2021,40,21714,K. Osborn,25,82,50,655,7,4.69,1.52,90.9,19,6,31.57,13.1,7.98,1.38,1,1.21
2021,41,12845,A. Green,33.9,92,54,848,3,4.88,1.43,79.41,21,8,38.09,15.7,9.21,1.76,7,7.6
2021,42,19207,T. Patrick,28.5,85,53,734,5,4.73,1.82,81.53,16,4,25,13.84,8.63,1.63,6,7.05
2021,43,21750,M. Callaway,24.2,84,46,698,6,4.5,1.55,77.96,22,8,36.36,15.17,8.3,1.69,4,4.76
2021,44,19800,C. Sutton,26.7,98,58,776,2,4.21,1.6,72.5,20,6,30,13.37,7.91,1.56,6,6.12
2021,45,20013,C. Wilson Jr.,26.6,61,45,602,6,4.46,1.88,80.35,7,3,42.85,13.37,9.86,1.9,1,1.63
2021,46,14986,D. Hopkins,30,63,42,572,8,4.3,1.61,80.76,12,5,41.66,13.61,9.07,1.99,4,6.34
2021,47,20145,A. Lazard,26.5,60,40,513,8,5,1.66,80,16,8,50,12.82,8.55,1.35,6,10
2021,48,20788,M. Hardman,24.2,83,59,693,2,4.58,1.6,90.76,17,1,5.88,11.74,8.34,1.75,2,2.4
2021,49,18187,R. Anderson,29.1,110,53,519,5,4.98,1.57,69.73,31,8,25.8,9.79,4.71,0.91,5,4.54
2021,50,22592,E. Moore,22.1,77,43,538,5,4.88,1.66,81.13,6,3,50,12.51,6.98,1.74,6,7.79
2021,51,14871,R. Woods,30.2,69,45,556,4,4.86,2.17,86.53,28,2,7.14,12.35,8.05,1.89,7,10.14
2021,52,16020,J. Landry,29.5,85,52,570,2,3.93,1.62,91.22,14,8,57.14,10.96,6.7,1.87,3,3.52
2021,53,18422,K. Raymond,27.8,71,48,576,4,5.1,1.59,80,9,4,44.44,12,8.11,1.32,5,7.04
2021,54,11063,E. Sanders,35.2,72,42,626,4,4.15,1.77,77.77,13,3,23.07,14.9,8.69,1.43,5,6.94
2021,55,16389,O. Beckham Jr.,29.6,82,44,537,5,4.56,1.63,78.57,11,4,36.36,12.2,6.54,1.39,5,6.09
2021,56,21697,L. Shenault Jr.,23.7,99,63,619,0,4.64,1.51,82.89,11,4,36.36,9.82,6.25,1.45,7,7.07
2021,57,20150,B. Pringle,28.6,60,42,568,5,4.74,2.33,85.71,8,3,37.5,13.52,9.46,1.62,7,11.66
2021,58,21735,G. Davis,23.2,63,35,549,6,4.52,1.8,79.54,12,7,58.33,15.68,8.71,1.93,4,6.34
2021,59,11056,A. Brown,33.9,62,42,545,4,4.58,1.69,93.33,14,2,14.28,12.97,8.79,3.02,3,4.83
2021,60,20038,B. Berrios,26.7,65,46,431,2,4.98,1.73,112.19,2,1,50,9.36,6.63,1.79,0,0
2021,61,21957,Q. Watkins,24,62,43,647,1,4.72,2.25,84.31,14,2,14.28,15.04,10.43,1.94,2,3.22
2021,62,21163,D. Harty,24.5,59,36,570,3,5.22,2.05,109.09,7,1,14.28,15.83,9.66,3.31,3,5.08
2021,63,16866,J. Crowder,29,72,51,447,2,4.63,1.44,87.93,3,1,33.33,8.76,6.2,1.26,5,6.94
2021,64,21754,D. Peoples-Jones,23.3,58,34,597,3,4.29,1.5,75.55,22,14,63.63,17.55,10.29,1.58,4,6.89
2021,65,21736,B. Edwards,23.6,58,34,571,3,4.14,1.58,80.95,21,7,33.33,16.79,9.84,1.22,2,3.44
2021,66,22626,R. Moore,22,65,54,435,1,4.85,1.56,98.18,6,3,50,8.05,6.69,1.75,2,3.07
2021,67,21734,N. Westbrook-Ikhine,25.2,56,38,476,4,4.12,1.57,111.76,11,6,54.54,12.52,8.5,1.54,1,1.78
2021,68,18926,Z. Jones,27.2,70,47,546,1,4.78,1.91,90.38,19,5,26.31,11.61,7.8,1.51,1,1.42
2021,69,18879,C. Davis,27.4,59,34,492,4,5.54,1.67,72.34,13,5,38.46,14.47,8.33,1.86,8,13.55
2021,70,16775,D. Parker,29.4,73,40,515,2,3.68,1.2,90.9,25,13,52,12.87,7.05,1.68,9,12.32
2021,71,22623,R. Bateman,22.5,67,46,515,1,5.87,1.62,86.79,11,7,63.63,11.19,7.68,1.55,2,2.98
2021,72,16781,N. Agholor,29,63,37,473,3,4.39,1.57,92.5,20,5,25,12.78,7.5,1.22,1,1.58
2021,73,21448,J. Guyton,25,48,31,448,3,4.4,1.83,77.5,6,4,66.66,14.45,9.33,1.15,3,6.25
2021,74,19172,Z. Pascal,27.5,69,38,384,3,3.99,1.52,76,29,4,13.79,10.1,5.56,0.87,4,5.79
2021,75,13227,R. Cobb,31.8,39,28,375,5,4.67,1.41,84.84,10,5,50,13.39,9.61,1.76,2,5.12
2021,76,22613,J. Palmer,22.7,49,33,353,4,4.34,1.24,86.84,8,8,100,10.69,7.2,1.3,1,2.04
2021,77,19867,M. Gallup,26.3,62,35,445,2,4.33,1.09,77.77,17,8,47.05,12.71,7.17,1.47,2,3.22
2021,78,21142,O. Zaccheaus,24.9,53,31,406,3,4.66,1.52,75.6,9,3,33.33,13.09,7.66,1.17,3,5.66
2021,79,18977,K. Golladay,28.6,74,37,521,0,5.4,1.2,75.51,29,10,34.48,14.08,7.04,1.36,4,5.4
2021,80,19897,T. Smith,26.4,50,32,377,3,4.68,1.66,84.21,11,4,36.36,11.78,7.54,1.32,2,4
2021,81,16263,A. Robinson II,28.8,66,38,410,1,5.58,1.1,80.85,27,8,29.62,10.78,6.21,1.41,1,1.51
2021,82,19976,M. Valdes-Scantling,27.7,55,26,430,3,5.12,1.49,83.87,13,2,15.38,16.53,7.81,1.58,0,0
2021,83,17218,D. Carter,29.2,43,24,296,3,4.63,1.93,80,7,3,42.85,12.33,6.88,1.34,2,4.65
2021,84,21960,F. Swain,23.8,40,25,343,4,5.2,1.7,78.12,6,1,16.66,13.72,8.57,1.02,3,7.5
2021,85,21692,J. Jeudy,23.1,56,38,467,0,4.64,2.44,84.44,15,1,6.66,12.28,8.33,2.01,4,7.14
2021,86,21694,H. Ruggs III,23.4,36,24,469,2,4.8,2.86,88.88,7,2,28.57,19.54,13.02,2.4,2,5.55
2021,87,21756,N. Collins,23.2,61,33,446,1,4.65,1.4,89.18,19,7,36.84,13.51,7.31,1.3,2,3.27
2021,88,21721,D. Duvernay,24.7,47,33,272,2,5.54,1.53,89.18,7,4,57.14,8.24,5.78,0.84,1,2.12
2021,89,17914,L. Treadwell,27,51,33,434,1,4.6,1.64,97.05,15,7,46.66,13.15,8.5,1.65,5,9.8
2021,90,22614,K. Toney,23.4,57,39,420,0,4.72,1.78,86.66,10,4,40,10.76,7.36,2.13,2,3.5
2021,91,21717,J. Jennings,24.9,39,24,282,5,4.69,2,72.72,8,6,75,11.75,7.23,1.6,6,15.38
2021,92,19017,J. Reynolds,27.3,49,29,396,2,4.08,1.16,76.31,10,8,80,13.65,8.08,1.46,1,2.04
2021,93,13291,J. Jones,33.3,48,31,434,1,4.23,1.33,93.93,14,9,64.28,14,9.04,1.93,2,4.16
2021,94,17290,A. Humphries,29,62,41,383,0,4.09,1.61,91.11,11,4,36.36,9.34,6.17,0.98,3,4.83
2021,95,19514,K. Cole,29.1,50,28,449,1,4.69,1.4,80,2,0,0,16.03,8.98,1.56,4,8
2021,96,21686,J. Reagor,23.4,57,33,299,2,4.75,1.49,78.57,13,2,15.38,9.06,5.24,0.81,4,7.01
2021,97,17961,S. Shepard,29.3,53,36,366,1,5.54,1.24,97.29,14,6,42.85,10.16,6.9,1.79,4,7.54
2021,98,19044,J. Agnew,27.2,40,24,229,1,4.39,1.97,85.71,9,2,22.22,9.54,5.72,1.35,1,2.5
2021,99,3943,D. Jackson,35.5,34,20,454,2,5.13,2.2,86.95,11,2,18.18,22.7,13.35,2.7,1,2.94
2021,100,14005,T. Hilton,32.6,37,23,331,3,4.44,1.78,88.46,11,6,54.54,14.39,8.94,1.59,1,2.7
2021,101,21675,T. Johnson,23.8,55,36,360,0,4.34,1.76,87.8,16,4,25,10,6.54,1.01,3,5.45
2021,102,19802,C. Ridley,27.5,52,31,281,2,5.23,1.88,83.78,12,3,25,9.06,5.4,1.47,6,11.53
2021,103,16003,S. Watkins,29,49,27,394,1,5.16,1.71,67.5,16,2,12.5,14.59,8.04,1.71,7,14.28
2021,104,18047,D. Robinson,27.7,41,25,264,3,4.9,1.68,89.28,7,1,14.28,10.56,6.43,0.64,0,0
2021,105,9906,D. Amendola,36.6,37,24,248,3,4.88,1.67,100,5,1,20,10.33,6.7,1.71,1,2.7
2021,106,20943,D. Slayton,25.4,58,26,339,2,5.67,1.68,74.28,14,1,7.14,13.03,5.84,1.04,7,12.06
2021,107,19961,R. McCloud,25.6,66,39,277,0,4.34,1.34,92.85,5,1,20,7.1,4.19,0.86,1,1.51
2021,108,19865,J. Washington,26.2,44,24,285,2,3.95,1.68,77.41,8,4,50,11.87,6.47,0.9,2,4.54
2021,109,18361,C. Rogers,28.4,43,30,301,1,3.77,1.51,111.11,4,2,50,10.03,7,1.01,1,2.32
2021,110,17141,D. Byrd,29.4,38,26,329,1,5.47,2.23,83.87,7,2,28.57,12.65,8.65,1.01,3,7.89
2021,111,16837,C. Conley,29.6,37,22,323,2,5.32,1.24,129.41,3,2,66.66,14.68,8.72,1.19,2,5.4
2021,112,19023,M. Hollins,28.7,28,14,223,4,4.33,1.64,93.33,4,1,25,15.92,7.96,1.15,3,10.71
2021,113,20979,A. Wesley,24.6,32,19,208,3,4.16,1.34,70.37,11,5,45.45,10.94,6.5,0.87,3,9.37
2021,114,18089,R. Higgins,27.7,47,24,275,1,4.61,1.4,70.58,8,2,25,11.45,5.85,1.04,3,6.38
2021,115,14865,M. Goodwin,31.6,40,20,313,1,4.97,1.22,80,12,2,16.66,15.65,7.82,1.42,0,0
2021,116,18030,C. Moore,29,22,21,227,2,4.56,1.45,105,2,1,50,10.8,10.31,1.97,0,0
2021,117,19043,I. McKenzie,27.2,26,20,178,1,3.79,1.46,86.95,1,1,100,8.9,6.84,1.34,2,7.69
2021,118,20816,L. Humphrey,24.1,18,13,249,2,4.68,1.66,100,2,0,0,19.15,13.83,2.11,0,0
2021,119,21729,Q. Cephus,24.2,23,15,204,2,4.31,2.04,83.33,5,2,40,13.6,8.86,1.54,1,4.34
2021,120,19779,B. Zylstra,29.2,25,18,250,1,4.95,1.28,78.26,12,4,33.33,13.88,10,1.47,1,4
2021,121,20529,C. Sims,26.4,23,15,211,2,5.19,1.91,83.33,9,4,44.44,14.06,9.17,1.48,1,4.34
2021,122,16308,A. Wilson,29.9,39,25,213,0,3.95,1.74,96.15,3,0,0,8.52,5.46,1,3,7.69
2021,123,18058,T. Sharpe,27.5,37,25,230,0,4.59,1.45,78.12,6,2,33.33,9.2,6.21,0.77,2,5.4
2021,124,21349,A. Dulin,25.1,21,13,173,2,4.57,1.19,68.42,6,2,33.33,13.3,8.23,1.54,1,4.76
2021,125,20684,M. Turner,26.4,16,12,149,3,3.94,1.81,100,0,0,0,12.41,9.31,2.66,1,6.25
2021,126,18896,C. Grayson Jr.,28.5,12,10,212,2,4.1,3.58,100,0,0,0,21.2,17.66,2.68,0,0
2021,127,18881,J. Ross,26.5,20,11,224,1,5.59,1.35,84.61,4,2,50,20.36,11.2,1.56,0,0
2021,128,19098,I. Ford,26.3,16,12,161,2,4.16,1.87,109.09,2,0,0,13.41,10.06,2.23,0,0
2021,129,18103,J. Grant Sr.,29.6,17,11,132,2,4.73,1.23,91.66,2,2,100,12,7.76,2.09,0,0
2021,130,21723,J. Proche II,25.7,20,16,202,0,5.69,2.6,100,2,2,100,12.62,10.1,1.49,0,0
2021,131,18883,J. Smith-Schuster,25.5,28,15,129,0,5.05,1.75,88.23,6,1,16.66,8.6,4.6,0.92,0,0
2021,132,19705,G. Ward,26.9,11,7,95,3,4.89,1.9,70,3,2,66.66,13.57,8.63,0.87,2,18.18
2021,133,19080,N. Brown,26.4,25,16,184,0,4.66,1.48,80,2,1,50,11.5,7.36,1.35,2,8
2021,134,19816,D. Chark Jr.,25.7,22,7,154,2,5.38,1.13,58.33,0,0,0,22,7,1.46,2,9.09
2021,135,16787,B. Perriman,28.7,18,11,167,1,5.59,2.27,100,2,0,0,15.18,9.27,1.59,0,0
2021,136,22588,A. Schwartz,21.8,23,10,135,1,4.52,1.91,71.42,5,2,40,13.5,5.86,0.93,1,4.34
2021,137,22685,T. Marshall Jr.,22,30,17,138,0,4.4,1.8,80.95,8,0,0,8.11,4.6,0.54,2,6.66
2021,138,13878,M. Sanu Sr.,32.8,24,15,177,0,5.4,1.16,78.94,7,0,0,11.8,7.37,1.22,2,8.33
2021,139,21005,P. Campbell,24.9,20,10,162,1,4.08,1.65,83.33,7,1,14.28,16.2,8.1,1.3,1,5
2021,140,20679,K. Hodge,27.4,27,13,157,0,4.81,1.29,86.66,7,4,57.14,12.07,5.81,1.15,1,3.7
2021,141,22595,I. Smith-Marsette,22.8,6,5,116,2,4.7,2.5,83.33,1,0,0,23.2,19.33,1.9,0,0
2021,142,20792,N. Harry,24.5,22,12,184,0,4.28,1.22,75,6,3,50,15.33,8.36,1.52,1,4.54
2021,143,22569,D. Eskridge,25.2,20,10,64,1,4.9,1.55,66.66,6,0,0,6.4,3.2,0.62,0,0
2021,144,22686,D. Brown,22.6,25,12,165,0,4.72,1.24,66.66,8,3,37.5,13.75,6.6,0.94,2,8
2021,145,19854,D. Pettis,26.6,16,10,87,1,4.89,1.5,71.42,5,2,40,8.7,5.43,1.58,1,6.25
2021,146,18209,M. Johnson,27.8,19,9,160,0,3.61,1.15,128.57,1,0,0,17.77,8.42,1.77,0,0
2021,147,22590,B. Skowronek,24.9,20,11,133,0,4.35,2.5,73.33,0,0,0,12.09,6.65,1.44,2,10
2021,148,20081,T. Sherfield,26.3,20,9,87,1,5.32,1.05,69.23,4,2,50,9.66,4.35,0.97,2,10
2021,149,21730,C. Johnson,24.7,21,11,105,0,6.15,0.8,84.61,4,2,50,9.54,5,0.88,0,0
2021,150,21741,D. Mims,24.7,23,8,133,0,5.67,2.04,57.14,3,0,0,16.62,5.78,0.83,4,17.39
2021,151,21368,T. Benson,25.4,22,10,103,0,5.11,2.04,62.5,5,0,0,10.3,4.68,0.68,3,13.63
2021,152,20398,E. St. Brown,25.7,17,9,98,0,6.19,0.82,75,6,1,16.66,10.88,5.76,0.81,0,0
2021,153,22417,K. Wilkerson,25.4,8,4,42,2,4.27,1.87,66.66,4,0,0,10.5,5.25,1.44,1,12.5
2021,154,21078,J. Smith,25.1,17,8,113,0,5.66,1.29,66.66,1,0,0,14.12,6.64,0.9,2,11.76
2021,155,21138,S. Miller,24.9,9,5,38,0,4.41,1.77,83.33,3,0,0,7.6,4.22,0.4,0,0
2021,156,15196,K. Stills,30.1,23,6,68,1,4.41,0.73,54.54,9,2,22.22,11.33,2.95,0.45,1,4.34
2021,157,21556,T. Kennedy,25.9,10,6,54,0,4.81,1.4,75,1,0,0,9,5.4,0.55,0,0
2021,158,16790,P. Dorsett II,29.4,14,7,110,0,5.52,1.64,77.77,5,1,20,15.71,7.85,2,0,0
2021,159,18992,D. Westbrook,28.5,15,10,68,0,4.74,0.53,100,3,1,33.33,6.8,4.53,0.43,1,6.66
2021,160,22609,S. Smith,23.6,10,6,104,0,5.25,0.7,100,0,0,0,17.33,10.4,1.65,0,0
2021,161,22591,D. Fitzpatrick,24.5,8,5,49,1,3.24,1.87,250,1,1,100,9.8,6.12,0.98,0,0
2021,162,22572,D. Milne,23,14,9,83,0,4.52,2.64,75,3,0,0,9.22,5.92,1.15,0,0
2021,163,19864,A. Miller,27.7,12,6,25,1,4.32,1.25,66.66,0,0,0,4.16,2.08,0.44,1,8.33
2021,164,14587,J. Gordon,31.2,14,5,32,1,5.7,1.07,50,4,1,25,6.4,2.28,0.26,2,14.28
2021,165,14828,C. Hogan,34.6,8,4,41,1,6.3,1.75,100,2,0,0,10.25,5.12,1.78,0,0
2021,166,20988,P. Williams,25.2,16,6,71,0,4.65,1.18,50,6,1,16.66,11.83,4.43,0.74,3,18.75
2021,167,20057,A. Tate,25.3,4,3,39,1,3.87,1.5,100,0,0,0,13,9.75,1.18,0,0
2021,168,20793,P. Hart,25.9,12,7,59,0,5.37,1.58,77.77,0,0,0,8.42,4.91,0.92,0,0
2021,169,21759,K. Hamler,22.9,10,5,74,0,4.41,3,62.5,5,1,20,14.8,7.4,1.34,2,20
2021,170,21115,J. Winfree,25.8,13,8,58,0,5.5,1.84,72.72,1,0,0,7.25,4.46,0.95,1,7.69
2021,171,22596,J. Darden,23.4,12,6,43,0,3.35,1.5,75,1,0,0,7.16,3.58,0.81,1,8.33
2021,172,20372,C. Batson,26.5,5,2,15,1,4.08,1,66.66,0,0,0,7.5,3,0.6,0,0
2021,173,11565,A. Roberts,34.4,2,1,35,0,4.04,0,0,0,0,0,35,17.5,1.66,0,0
2021,174,22244,J. Bradley,25.5,4,4,64,0,3.83,5,100,1,1,100,16,16,1.77,0,0
2021,175,8662,M. Thomas,35,11,5,52,0,4.23,0.81,166.66,3,0,0,10.4,4.72,0.88,0,0
2021,176,21959,D. Patmon,23.8,4,2,21,1,3.5,0.75,100,2,0,0,10.5,5.25,0.87,0,0
2021,177,18928,C. Samuel,25.8,9,6,27,0,3.21,0.33,100,1,0,0,4.5,3,0.72,0,0
2021,178,19200,C. Board,28.5,6,4,51,0,5.86,1.5,100,2,1,50,12.75,8.5,1.1,0,0
2021,179,22575,A. Rodgers,22.7,8,4,45,0,3.92,0.87,57.14,1,0,0,11.25,5.62,1.15,1,12.5
2021,180,17916,W. Fuller V,28.1,8,4,26,0,4.38,1.5,57.14,6,1,16.66,6.5,3.25,0.55,0,0
2021,181,21178,J. Moore Jr.,27,4,3,56,0,3.72,2.5,75,1,0,0,18.66,14,1.93,0,0
2021,182,18197,A. Erickson,29.6,4,3,55,0,4.5,1.5,150,0,0,0,18.33,13.75,2.11,0,0
2021,183,16141,W. Snead IV,29.6,8,4,38,0,5.31,1.75,57.14,1,0,0,9.5,4.75,1.31,2,25
2021,184,18039,P. Cooper,27.3,11,4,33,0,5.75,0.72,66.66,7,3,42.85,8.25,3,0.45,0,0
2021,185,19280,C. Hollister,28.6,7,4,33,0,5.25,1.14,133.33,2,0,0,8.25,4.71,0.55,0,0
2021,186,21071,G. Dortch,24,3,3,15,0,3.5,0,100,0,0,0,5,5,0.75,0,0
2021,187,21473,D. Montgomery,25.6,6,3,36,0,4.33,1.33,60,0,0,0,12,6,1.2,1,16.66
2021,188,20224,C. Blake,26,10,4,25,0,5.09,1.6,80,1,0,0,6.25,2.5,0.48,2,20
2021,189,19064,T. Taylor,28.1,3,2,41,0,5.04,3,100,1,1,100,20.5,13.66,1.86,0,0
2021,190,20487,B. Powell,26.7,0,0,0,0,0,0,0,0,0,0,0,0,0,0,0
2021,191,21601,G. Olszewski,25.5,3,2,31,0,4.03,1,66.66,1,0,0,15.5,10.33,1.14,0,0
2021,192,21758,K. Hill Jr.,24.7,3,3,30,0,4.09,0,0,0,0,0,10,10,2.72,0,0
2021,193,21263,T. Irwin,26.5,5,2,34,0,5.28,0.6,50,2,0,0,17,6.8,0.73,0,0
2021,194,16768,K. White,29,5,1,38,0,5.04,1,33.33,1,0,0,38,7.6,1.72,1,20
2021,195,17289,J. Kumerow,30.3,6,2,28,0,4.3,2.16,66.66,0,0,0,14,4.66,0.65,1,16.66
2021,196,20071,K. Kirkwood,27.5,7,3,16,0,6.2,2.42,50,2,0,0,5.33,2.28,0.4,0,0
2021,197,22620,M. Strachan,24.8,3,2,26,0,4.41,0,100,2,2,100,13,8.66,0.83,0,0
2021,198,19361,M. Kemp,26.8,5,2,24,0,4.72,1.2,66.66,0,0,0,12,4.8,0.96,0,0
2021,199,22608,S. Williams,23.2,1,1,34,0,5.59,0,100,1,1,100,34,34,1.54,0,0
2021,200,22573,D. Newsome,23.1,5,2,23,0,5.78,5.2,100,0,0,0,11.5,4.6,0.45,0,0
2021,201,22604,T. Wallace,23.1,6,2,23,0,4.87,1.16,66.66,0,0,0,11.5,3.83,0.48,1,16.66
2021,202,20939,D. Sills V,26,6,2,17,0,4.43,2.66,66.66,1,0,0,8.5,2.83,0.41,1,16.66
2021,203,20838,T. Johnson,26.4,5,2,16,0,4.14,0.6,66.66,1,0,0,8,3.2,0.57,1,20
2021,204,17048,T. Williams,30.3,3,2,14,0,3.14,2,100,0,0,0,7,4.66,0.66,0,0
2021,205,20886,S. Morgan,25.8,4,2,11,0,5.07,1,66.66,2,0,0,5.5,2.75,0.28,0,0
2021,206,18673,J. Mickens,28.1,3,2,10,0,5.5,0.66,100,0,0,0,5,3.33,2.5,0,0
2021,207,21311,D. Davis,25.6,3,1,17,0,3.42,1.33,50,1,0,0,17,5.66,1.21,0,0
2021,208,22594,F. Darby,24.7,4,1,14,0,6.62,0.25,50,2,0,0,14,3.5,1.75,0,0
2021,209,20820,A. Isabella,25.6,1,1,13,0,6.31,4,100,0,0,0,13,13,0.68,0,0
2021,210,22339,K. Merritt,25.4,3,1,13,0,3.8,2.33,50,0,0,0,13,4.33,2.6,2,66.66
2021,211,18717,M. Hall,29.2,1,1,10,0,4.75,2,100,0,0,0,10,10,2.5,0,0
2021,212,21746,T. Black,24.3,2,1,10,0,0,0,0,0,0,0,10,5,0,0,0
2021,213,18401,T. Lewis,29.6,2,1,7,0,3,0.5,100,0,0,0,7,3.5,3.5,0,0
2021,214,21037,M. Boykin,25.7,1,1,6,0,4.33,0,100,1,1,100,6,6,0.5,0,0
2021,215,19937,K. Coutee,25.4,1,1,5,0,4.08,1,100,1,1,100,5,5,0.41,0,0
2021,216,21169,M. Taylor,26.5,3,2,14,0,2.91,1,66.66,1,0,0,7,4.66,1.16,0,0
2021,217,22622,R. McMath,23,6,2,8,0,3.9,0.5,200,1,0,0,4,1.33,0.19,0,0
2021,218,7651,M. Slater,36.7,0,0,0,0,0,0,0,0,0,0,0,0,0,0,0
2021,219,15974,J. Matthews,29.9,0,0,0,0,0,0,0,0,0,0,0,0,0,0,0
2021,220,16640,J. Brown,32.2,3,0,0,0,5.66,0.33,0,0,0,0,0,0,0,0,0
2021,221,18269,G. Allison,28.4,2,0,0,0,6.34,2,0,0,0,0,0,0,0,0,0
2021,222,19054,R. Adams,27.7,1,0,0,0,3.33,2,0,0,0,0,0,0,0,1,100
2021,223,19120,D. Moore,27.4,2,0,0,0,3.43,0,0,1,0,0,0,0,0,0,0
2021,224,19184,J. Natson,28.3,0,0,0,0,3.16,0,0,0,0,0,0,0,0,0,0
2021,225,19755,R. Cracraft,27.6,0,0,0,0,0,0,0,0,0,0,0,0,0,0,0
2021,226,19811,M. Ateman,27.7,0,0,0,0,0,0,0,0,0,0,0,0,0,0,0
2021,227,19922,J. Watson,27.2,0,0,0,0,0,0,0,0,0,0,0,0,0,0,0
2021,228,19981,D. Fountain,26.5,0,0,0,0,0,0,0,0,0,0,0,0,0,0,0
2021,229,20295,V. Smith,26,1,0,0,0,4.43,1,0,0,0,0,0,0,0,0,0
2021,230,20376,J. Veasy,27,0,0,0,0,4.5,0,0,0,0,0,0,0,0,0,0
2021,231,20762,T. Fulgham,26.7,0,0,0,0,1,0,0,0,0,0,0,0,0,0,0
2021,232,20835,K. Johnson,25.7,0,0,0,0,10,0,0,0,0,0,0,0,0,0,0
2021,233,20963,C. Thompson,26.4,0,0,0,0,10,0,0,0,0,0,0,0,0,0,0
2021,234,21295,N. Webster,26.4,0,0,0,0,0,0,0,0,0,0,0,0,0,0,0
2021,235,21400,S. Sims,25.2,0,0,0,0,0,0,0,0,0,0,0,0,0,0,0
2021,236,21728,L. Cager,24.8,0,0,0,0,0,0,0,0,0,0,0,0,0,0,0
2021,237,21731,J. Hightower,26,0,0,0,0,0,0,0,0,0,0,0,0,0,0,0
2021,238,21737,T. Cleveland,24.7,1,0,0,0,5.06,0,0,1,0,0,0,0,0,0,0
2021,239,21742,A. Gandy-Golden,24.2,0,0,0,0,5,0,0,0,0,0,0,0,0,0,0
2021,240,21751,A. Fuller,24.7,0,0,0,0,0,0,0,0,0,0,0,0,0,0,0
2021,241,21760,I. Hodgins,23.6,0,0,0,0,0,0,0,0,0,0,0,0,0,0,0
2021,242,21967,I. Coulter,23.7,1,0,0,0,3.11,3,0,0,0,0,0,0,0,0,0
2021,243,21969,A. Parker,24.1,0,0,0,0,0,0,0,0,0,0,0,0,0,0,0
2021,244,22276,D. Harris,23.9,0,0,0,0,0,0,0,0,0,0,0,0,0,0,0
2021,245,22345,D. Chisena,25.3,0,0,0,0,3.44,0,0,0,0,0,0,0,0,0,0
2021,246,22602,T. Atwell,22.7,0,0,0,0,0,0,0,0,0,0,0,0,0,0,0
2021,247,22615,K. Baker,23.8,0,0,0,0,0,0,0,0,0,0,0,0,0,0,0
2021,248,22618,M. Stevenson,24.2,0,0,0,0,0,0,0,0,0,0,0,0,0,0,0
2021,249,22635,J. Camp,23.9,0,0,0,0,5.84,0,0,0,0,0,0,0,0,0,0
2021,250,22638,D. Stoner,24.3,0,0,0,0,4.37,0,0,0,0,0,0,0,0,0,0
2021,251,22645,S. Fehoko,24.6,0,0,0,0,0,0,0,0,0,0,0,0,0,0,0
2021,252,21294,A. Bachman,26,0,0,0,0,6.29,0,0,0,0,0,0,0,0,0,0
2021,253,13887,T. Benjamin,32.4,4,0,0,0,5.85,0.5,0,1,0,0,0,0,0,0,0
2021,254,20722,D. Spencer,30.2,4,1,-3,0,5.52,1,33.33,1,0,0,-3,-0.75,-0.14,0,0
2021,255,22533,D. Felton,23.9,21,18,181,2,,2.8,,,,,10.05,8.61,2.35,0,0
2020,1,16470,D. Adams,29.5,148,115,1374,18,3.53,2.14,88.46,23,11,47.82,11.94,9.28,2.97,4,2.7
2020,2,18082,T. Hill,28.3,135,87,1276,15,3.74,1.82,88.77,19,9,47.36,14.66,9.45,2.26,6,4.44
2020,3,16906,S. Diggs,28.5,166,127,1535,8,3.76,1.64,90.07,35,22,62.85,12.08,9.24,2.57,6,3.61
2020,4,14986,D. Hopkins,30,160,115,1407,6,3.9,1.81,92.74,21,11,52.38,12.23,8.79,2.36,1,0.62
2020,5,19802,C. Ridley,27.5,143,90,1374,9,4.42,1.89,84.11,22,8,36.36,15.26,9.6,2.48,9,6.29
2020,6,21685,J. Jefferson,23.4,125,88,1400,7,3.88,1.8,88,20,10,50,15.9,11.2,2.65,2,1.6
2020,7,20875,D. Metcalf,24.5,129,83,1303,10,3.32,1.53,84.69,23,13,56.52,15.69,10.1,2.11,8,6.2
2020,8,16830,T. Lockett,29.7,132,100,1054,10,3.52,2.16,93.45,10,6,60,10.54,7.98,1.74,5,3.78
2020,9,16263,A. Robinson II,28.8,151,102,1250,6,3.49,1.4,82.25,39,17,43.58,12.25,8.27,2.05,3,1.98
2020,10,15534,A. Thielen,31.8,108,74,925,14,4.18,1.62,85.05,25,12,48,12.5,8.56,1.84,4,3.7
2020,11,16597,M. Evans,28.8,109,70,1006,13,3.49,1.66,86.41,23,10,43.47,14.37,9.22,1.82,7,6.42
2020,12,21042,A. Brown,24.9,106,70,1075,11,4.2,1.47,85.36,24,14,58.33,15.35,10.14,2.76,4,3.77
2020,13,14871,R. Woods,30.2,129,90,936,6,4.45,1.52,92.78,19,12,63.15,10.4,7.25,1.61,5,3.87
2020,14,15076,K. Allen,30.1,147,100,992,8,3.54,1.27,92.59,27,15,55.55,9.92,6.74,1.99,3,2.04
2020,15,16765,A. Cooper,28,130,92,1114,5,3.88,1.36,90.19,14,7,50,12.1,8.56,1.84,5,3.84
2020,16,18883,J. Smith-Schuster,25.5,128,97,831,9,3.88,1.11,95.09,26,14,53.84,8.56,6.49,1.32,0,0
2020,17,16568,B. Cooks,28.7,119,81,1150,6,4.26,1.96,91.01,18,6,33.33,14.19,9.66,2.11,4,3.36
2020,18,13870,M. Jones Jr.,32.2,115,76,978,9,4.41,1.73,82.6,11,8,72.72,12.86,8.5,1.63,9,7.82
2020,19,18187,R. Anderson,29.1,136,95,1096,3,4.35,1.7,84.07,22,10,45.45,11.53,8.05,2,7,5.14
2020,20,20873,T. McLaurin,26.7,134,87,1118,4,3.3,1.5,87.87,24,10,41.66,12.85,8.34,1.91,2,1.49
2020,21,21077,D. Johnson,25.9,144,88,923,7,3.66,1.18,81.48,18,10,55.55,10.48,6.4,1.78,11,7.63
2020,22,21679,C. Lamb,23.2,111,74,935,5,3.7,1.52,85.05,16,7,43.75,12.63,8.42,1.81,6,5.4
2020,23,21752,C. Claypool,23.9,109,62,873,9,3.9,1.15,80.51,26,5,19.23,14.08,8,2.02,5,4.58
2020,24,18928,C. Samuel,25.8,97,77,851,3,4.05,1.61,92.77,8,5,62.5,11.05,8.77,1.96,5,5.15
2020,25,19844,D. Moore,25.2,118,66,1193,4,3.88,1.63,75.86,22,11,50,18.07,10.11,2.27,10,8.47
2020,26,18882,C. Kupp,29,124,92,974,3,4.01,1.74,88.46,10,6,60,10.58,7.85,1.92,7,5.64
2020,27,14141,C. Beasley,33.1,107,82,967,4,3.31,1.71,92.13,16,13,81.25,11.79,9.03,2.14,3,2.8
2020,28,21690,T. Higgins,23.4,108,67,908,6,3.66,1.13,74.44,28,10,35.71,13.55,8.4,1.83,4,3.7
2020,29,17986,T. Boyd,27.6,110,79,841,4,3.3,1.1,88.76,13,4,30.76,10.64,7.64,1.67,1,0.9
2020,30,18879,C. Davis,27.4,92,65,984,5,4.57,1.55,87.83,20,11,55,15.13,10.69,2.67,2,2.17
2020,31,18880,C. Godwin,26.3,84,65,840,7,4.06,1.62,86.66,10,7,70,12.92,10,1.94,4,4.76
2020,32,17916,W. Fuller V,28.1,75,53,879,8,3.91,1.76,85.48,11,4,36.36,16.58,11.72,2.36,4,5.33
2020,33,16020,J. Landry,29.5,101,72,840,3,3.46,1.57,83.72,18,13,72.22,11.66,8.31,2.18,7,6.93
2020,34,16781,N. Agholor,29,82,48,896,8,3.45,1.61,80,22,10,45.45,18.66,10.92,2.1,6,7.31
2020,35,21747,B. Aiyuk,24.2,96,60,748,5,3.94,1.3,85.71,12,4,33.33,12.46,7.79,1.73,3,3.12
2020,36,21045,M. Brown,25,100,58,769,8,4.12,1.85,81.69,15,4,26.66,13.25,7.69,1.79,6,6
2020,37,20006,R. Gage,26.4,110,72,786,4,3.49,1.59,80,20,6,30,10.91,7.14,1.56,8,7.27
2020,38,19867,M. Gallup,26.3,105,59,843,5,3.57,1.55,86.76,15,10,66.66,14.28,8.02,1.34,6,5.71
2020,39,16866,J. Crowder,29,88,59,699,6,3.75,1.67,93.65,5,3,60,11.84,7.94,1.84,4,4.54
2020,40,16775,D. Parker,29.4,103,63,793,4,2.73,0.84,75,38,23,60.52,12.58,7.69,1.56,8,7.76
2020,41,11063,E. Sanders,35.2,82,61,726,5,4.13,1.89,92.42,8,7,87.5,11.9,8.85,2.06,5,6.09
2020,42,14005,T. Hilton,32.6,93,56,762,5,3.48,1.26,83.58,20,7,35,13.6,8.19,1.78,3,3.22
2020,43,17961,S. Shepard,29.3,90,66,656,3,3.76,1.82,97.05,14,8,57.14,9.93,7.28,1.84,0,0
2020,44,19207,T. Patrick,28.5,79,51,742,6,3.45,1.39,91.07,21,11,52.38,14.54,9.39,1.8,1,1.26
2020,45,21692,J. Jeudy,23.1,113,52,856,3,3.39,1.63,73.23,29,8,27.58,16.46,7.57,1.72,8,7.07
2020,46,21697,L. Shenault Jr.,23.7,79,58,600,5,3.91,1.22,89.23,16,9,56.25,10.34,7.59,1.55,3,3.79
2020,47,19514,K. Cole,29.1,88,55,642,5,3.87,1.91,84.61,12,5,41.66,11.67,7.29,1.11,6,6.81
2020,48,18914,M. Williams,27.7,85,48,756,5,3.44,1.28,85.71,22,6,27.27,15.75,8.89,1.62,3,3.52
2020,49,19816,D. Chark Jr.,25.7,93,53,706,5,3.55,1.61,80.3,17,10,58.82,13.32,7.59,1.47,5,5.37
2020,50,21961,D. Mooney,24.6,98,61,631,4,4.17,1.77,83.56,20,5,25,10.34,6.43,1.22,2,2.04
2020,51,19815,C. Kirk,25.6,79,48,621,6,3.81,1.81,87.27,9,3,33.33,12.93,7.86,1.27,3,3.79
2020,52,13291,J. Jones,33.3,68,51,771,3,3.76,1.86,94.44,13,6,46.15,15.11,11.33,2.69,1,1.47
2020,53,20876,J. Meyers,25.6,81,59,729,0,3.34,2.04,90.76,15,9,60,12.35,9,2.37,3,3.7
2020,54,20943,D. Slayton,25.4,97,50,751,3,3.8,1.4,76.92,21,5,23.8,15.02,7.74,1.42,5,5.15
2020,55,19976,M. Valdes-Scantling,27.7,63,33,690,6,3.98,1.7,71.73,9,2,22.22,20.9,10.95,1.49,9,14.28
2020,56,19172,Z. Pascal,27.5,71,44,629,5,3.37,1.16,81.48,10,3,30,14.29,8.85,1.39,4,5.63
2020,57,21735,G. Davis,23.2,62,35,599,7,4.14,2.07,76.08,19,5,26.31,17.11,9.66,1.31,3,4.83
2020,58,19705,G. Ward,26.9,79,53,419,6,3.12,1.59,86.88,14,8,57.14,7.9,5.3,0.83,3,3.79
2020,59,20924,H. Renfrow,26.5,77,56,656,2,4.03,1.69,93.33,10,3,30,11.71,8.51,1.83,2,2.59
2020,60,19318,K. Bourne,26.8,74,49,667,2,4.16,1.6,77.77,13,8,61.53,13.61,9.01,1.5,9,12.16
2020,61,20788,M. Hardman,24.2,62,41,560,4,3.71,2,83.67,7,2,28.57,13.65,9.03,1.72,5,8.06
2020,62,19017,J. Reynolds,27.3,81,52,618,2,3.82,1.46,80,17,6,35.29,11.88,7.62,1.26,5,6.17
2020,63,18089,R. Higgins,27.7,52,37,599,4,3.29,1.42,88.09,10,6,60,16.18,11.51,2.06,1,1.92
2020,64,19120,D. Moore,27.4,47,35,417,6,3.79,2.21,87.5,5,4,80,11.91,8.87,1.41,2,4.25
2020,65,11056,A. Brown,33.9,61,45,483,4,3.89,1.71,95.74,9,4,44.44,10.73,7.91,2.07,0,0
2020,66,20762,T. Fulgham,26.7,67,38,539,4,3.84,1.52,74.5,22,8,36.36,14.18,8.04,1.53,2,2.98
2020,67,17141,D. Byrd,29.4,77,47,604,1,3.45,1.74,87.03,13,4,30.76,12.85,7.84,1.31,2,2.59
2020,68,12845,A. Green,33.9,104,47,523,2,3.31,1.16,74.6,38,17,44.73,11.12,5.02,1.02,3,2.88
2020,69,19864,A. Miller,27.7,76,49,485,2,3.42,1.55,87.5,11,2,18.18,9.89,6.38,1.12,4,5.26
2020,70,18047,D. Robinson,27.7,59,45,466,3,3.98,2.19,91.83,8,3,37.5,10.35,7.89,0.97,4,6.77
2020,71,9906,D. Amendola,36.6,69,46,602,0,3.87,1.13,90.19,2,1,50,13.08,8.72,1.92,3,4.34
2020,72,19897,T. Smith,26.4,50,34,448,4,4.3,2.14,85,6,1,16.66,13.17,8.96,1.13,4,8
2020,73,21138,S. Miller,24.9,53,33,501,3,4.06,1.87,82.5,7,4,57.14,15.18,9.45,1.64,4,7.54
2020,74,5571,L. Fitzgerald,38.8,72,54,409,1,3.73,1.68,91.52,8,5,62.5,7.57,5.68,0.96,0,0
2020,75,13227,R. Cobb,31.8,48,38,441,3,4.19,1.48,88.37,6,3,50,11.6,9.18,1.7,0,0
2020,76,19043,I. McKenzie,27.2,34,30,282,5,3.04,2.55,93.75,0,0,0,9.4,8.29,1.93,1,2.94
2020,77,19865,J. Washington,26.2,56,30,392,5,3.39,0.98,81.08,16,5,31.25,13.06,7,1.3,4,7.14
2020,78,16787,B. Perriman,28.7,60,30,505,3,3.7,1.64,78.94,10,3,30,16.83,8.41,1.37,5,8.33
2020,79,21744,M. Pittman Jr.,24.7,61,40,503,1,3.93,1.55,86.95,3,1,33.33,12.57,8.24,1.43,4,6.55
2020,80,20145,A. Lazard,26.5,46,33,451,3,3.55,2.17,84.61,3,2,66.66,13.66,9.8,1.81,3,6.52
2020,81,20038,B. Berrios,26.7,55,37,394,3,3.15,1.55,88.09,6,1,16.66,10.64,7.16,2.26,2,3.63
2020,82,16837,C. Conley,29.6,63,40,471,2,3.88,1.78,85.1,12,6,50,11.77,7.47,1.53,5,7.93
2020,83,21448,J. Guyton,25,55,28,511,3,3.48,1.72,75.67,8,0,0,18.25,9.29,0.9,7,12.72
2020,84,16640,J. Brown,32.2,52,33,458,3,3,2.06,84.61,9,6,66.66,13.87,8.8,1.64,2,3.84
2020,85,16141,W. Snead IV,29.6,48,33,432,3,3.47,2.18,82.5,8,1,12.5,13.09,9,1.67,6,12.5
2020,86,21759,K. Hamler,22.9,56,30,381,3,4.01,2.12,69.76,16,5,31.25,12.7,6.8,1.27,4,7.14
2020,87,16003,S. Watkins,29,55,37,421,2,3.34,2.18,88.09,7,3,42.85,11.37,7.65,1.28,3,5.45
2020,88,18103,J. Grant Sr.,29.6,54,36,373,1,3.09,1.87,85.71,6,4,66.66,10.36,6.9,1.31,5,9.25
2020,89,21686,J. Reagor,23.4,54,31,396,1,3.77,1.23,83.78,13,5,38.46,12.77,7.33,1.26,1,1.85
2020,90,19937,K. Coutee,25.4,40,33,400,3,3.96,1.67,97.05,6,4,66.66,12.12,10,1.87,0,0
2020,91,16389,O. Beckham Jr.,29.6,43,23,319,3,3.55,1.86,76.66,11,4,36.36,13.86,7.41,1.83,2,4.65
2020,92,11611,G. Tate,33.9,52,35,388,2,3.42,1.02,72.91,16,9,56.25,11.08,7.46,1.31,4,7.69
2020,93,20529,C. Sims,26.4,49,32,477,1,3.98,1.92,86.48,7,2,28.57,14.9,9.73,1.25,3,6.12
2020,94,21694,H. Ruggs III,23.4,43,26,452,2,4.48,2.31,74.28,9,3,33.33,17.38,10.51,1.36,3,6.97
2020,95,17960,M. Thomas,29.3,55,40,438,0,3.87,1.45,97.56,12,9,75,10.95,7.96,2.22,1,1.81
2020,96,20932,D. Samuel,26.4,44,33,391,1,4.2,1.93,91.66,2,2,100,11.84,8.88,2.36,3,6.81
2020,97,20838,T. Johnson,26.4,26,20,398,3,3.39,2.34,100,1,0,0,19.9,15.3,2.44,0,0
2020,98,20988,P. Williams,25.2,35,18,288,4,2.36,1.08,66.66,9,4,44.44,16,8.22,1.23,3,8.57
2020,99,20792,N. Harry,24.5,57,33,309,2,3.31,1.54,86.84,14,10,71.42,9.36,5.42,0.99,2,3.5
2020,100,21037,M. Boykin,25.7,33,19,266,4,3.44,1.65,86.36,6,1,16.66,14,8.06,1.07,1,3.03
2020,101,21729,Q. Cephus,24.2,35,20,349,2,4.58,2.11,83.33,0,0,0,17.45,9.97,1.66,2,5.71
2020,102,18977,K. Golladay,28.6,32,20,338,2,3.47,1.09,71.42,2,2,100,16.9,10.56,2.48,4,12.5
2020,103,20077,R. James,26.8,35,23,394,1,4,1.94,85.18,2,1,50,17.13,11.25,1.81,1,2.85
2020,104,19916,D. Hamilton,27.2,44,23,293,2,3.6,1.75,79.31,9,2,22.22,12.73,6.65,1.02,2,4.54
2020,105,21741,D. Mims,24.7,45,23,357,0,3.02,1.23,88.46,19,8,42.1,15.52,7.93,1.42,1,2.22
2020,106,18717,M. Hall,29.2,32,18,302,2,4.96,2.56,69.23,2,0,0,16.77,9.43,1.27,4,12.5
2020,107,21730,C. Johnson,24.7,31,18,272,2,3.92,0.9,78.26,10,4,40,15.11,8.77,1.6,3,9.67
2020,108,21754,D. Peoples-Jones,23.3,20,14,304,2,3.82,2.75,87.5,4,1,25,21.71,15.2,2.35,1,5
2020,109,17290,A. Humphries,29,35,23,228,2,4.11,1.64,79.31,8,4,50,9.91,6.51,1.48,2,5.71
2020,110,21400,S. Sims,25.2,37,27,265,1,3.83,1.85,93.1,3,0,0,9.81,7.16,1.01,2,5.4
2020,111,8355,J. Edelman,36,39,21,315,0,3.37,1.47,75,12,7,58.33,15,8.07,1.9,3,7.69
2020,112,19098,I. Ford,26.3,44,28,276,0,2.69,1.36,75.67,13,6,46.15,9.85,6.27,1.01,1,2.27
2020,113,20820,A. Isabella,25.6,35,21,224,2,3.3,1.31,80.76,3,0,0,10.66,6.4,1.13,2,5.71
2020,114,21743,L. Bowden Jr.,24.7,37,28,211,0,2.71,1.75,90.32,5,4,80,7.53,5.7,1.03,1,2.7
2020,115,21142,O. Zaccheaus,24.9,32,20,274,1,4.72,1.53,83.33,3,2,66.66,13.7,8.56,1.64,2,6.25
2020,116,21721,D. Duvernay,24.7,26,20,201,0,4.01,1.26,95.23,2,1,50,10.05,7.73,1.06,1,3.84
2020,117,20013,C. Wilson Jr.,26.6,28,17,189,2,3.49,1.55,85,1,1,100,11.11,6.75,1.47,1,3.57
2020,118,20582,C. Beebe,28,30,20,201,2,4,1.73,86.95,7,1,14.28,10.05,6.7,0.92,0,0
2020,119,21163,D. Harty,24.5,25,20,186,1,4.83,1.64,90.9,1,1,100,9.3,7.44,1.58,2,8
2020,120,21739,V. Jefferson,25.9,31,19,220,1,3.66,1.41,86.36,3,3,100,11.57,7.09,1.53,2,6.45
2020,121,19021,C. Hansen,27.4,24,17,236,1,4.39,1.33,94.44,5,3,60,13.88,9.83,1.22,1,4.16
2020,122,16728,D. Inman,33.4,28,18,163,2,4.1,1.48,94.73,5,1,20,9.05,5.82,0.71,1,3.57
2020,123,21755,I. Wright,25.4,35,27,197,0,3,1.12,87.09,4,0,0,7.29,5.62,0.85,1,2.85
2020,124,3943,D. Jackson,35.5,26,14,236,1,3.95,1.5,77.77,5,2,40,16.85,9.07,1.93,2,7.69
2020,125,13878,M. Sanu Sr.,32.8,24,17,187,1,4.21,2,80.95,2,2,100,11,7.79,1.06,3,12.5
2020,126,21750,M. Callaway,24.2,27,21,213,0,4.11,1.81,95.45,4,3,75,10.14,7.88,1.5,0,0
2020,127,20150,B. Pringle,28.6,17,13,160,1,3.64,2.29,100,2,2,100,12.3,9.41,1.15,0,0
2020,128,21675,T. Johnson,23.8,18,12,169,2,4.04,0.75,92.3,2,1,50,14.08,9.38,1.1,0,0
2020,129,21960,F. Swain,23.8,21,13,159,2,3.62,2.71,92.85,0,0,0,12.23,7.57,0.74,0,0
2020,130,18209,M. Johnson,27.8,28,14,255,0,3.6,1.64,82.35,5,2,40,18.21,9.1,1.5,2,7.14
2020,131,19023,M. Hollins,28.7,25,16,176,1,2.64,1.52,72.72,7,5,71.42,11,7.04,1.23,5,20
2020,132,18926,Z. Jones,27.2,20,14,154,1,4.01,1.55,77.77,5,2,40,11,7.7,1.01,0,0
2020,133,21736,B. Edwards,23.6,15,11,193,1,3.44,2.43,91.66,3,1,33.33,17.54,12.86,1.54,0,0
2020,134,20836,B. Johnson,25.2,19,14,189,0,5.31,1.65,73.68,3,1,33.33,13.5,9.94,1.73,1,5.26
2020,135,21078,J. Smith,25.1,37,17,167,0,3.17,1.58,85,6,2,33.33,9.82,4.51,0.87,2,5.4
2020,136,20835,K. Johnson,25.7,23,15,173,0,4.65,1.34,78.94,4,2,50,11.53,7.52,1.35,2,8.69
2020,137,19961,R. McCloud,25.6,22,20,77,0,3.81,0.45,100,0,0,0,3.85,3.5,0.81,1,4.54
2020,138,15196,K. Stills,30.1,19,11,144,1,4.71,1.65,68.75,5,2,40,13.09,7.57,1.41,3,15.78
2020,139,8662,M. Thomas,35,21,13,132,1,3.93,1.71,72.22,5,2,40,10.15,6.28,1.07,1,4.76
2020,140,20372,C. Batson,26.5,13,12,100,1,4.12,1.61,100,3,3,100,8.33,7.69,0.64,0,0
2020,141,19080,N. Brown,26.4,23,14,154,0,3.7,1.13,77.77,4,1,25,11,6.69,1.26,0,0
2020,142,20487,B. Powell,26.7,18,12,69,2,3.22,1.13,92.3,2,1,50,5.75,3.83,0.54,1,5.55
2020,143,19044,J. Agnew,27.2,20,13,89,0,4.13,0.65,81.25,0,0,0,6.84,4.45,0.77,2,10
2020,144,20057,A. Tate,25.3,22,14,150,0,3.97,1,87.5,7,2,28.57,10.71,6.81,1.63,0,0
2020,145,20679,K. Hodge,27.4,17,11,180,0,3.9,1.58,100,4,3,75,16.36,10.58,1.45,0,0
2020,146,21731,J. Hightower,26,29,10,167,0,3.63,1.17,66.66,7,1,14.28,16.7,5.75,0.7,3,10.34
2020,147,18422,K. Raymond,27.8,15,9,187,0,4.41,1.73,69.23,3,0,0,20.77,12.46,1.64,1,6.66
2020,148,20224,C. Blake,26,18,13,141,0,4.16,2.05,86.66,2,0,0,10.84,7.83,1.01,1,5.55
2020,149,14828,C. Hogan,34.6,26,14,118,0,3.55,1.65,77.77,6,1,16.66,8.42,4.53,0.72,0,0
2020,150,21601,G. Olszewski,25.5,5,5,62,1,3.44,1.6,100,0,0,0,12.4,12.4,1.1,0,0
2020,151,20398,E. St. Brown,25.7,13,7,117,1,4.07,2.38,63.63,4,1,25,16.71,9,1.53,2,15.38
2020,152,21962,M. Perry,25.1,13,9,92,1,2.8,1.69,69.23,3,0,0,10.22,7.07,0.85,1,7.69
2020,153,21957,Q. Watkins,24,13,7,106,1,3.37,1.3,77.77,1,0,0,15.14,8.15,1.47,2,15.38
2020,154,14187,A. Jeffery,32.3,13,6,115,1,2.92,1.34,66.66,6,3,50,19.16,8.84,0.85,1,7.69
2020,155,17914,L. Treadwell,27,7,6,49,2,3.74,1.64,100,1,0,0,8.16,7,1.4,0,0
2020,156,11270,D. Bryant,33.6,11,6,47,2,4.27,1.72,66.66,0,0,0,7.83,4.27,0.77,2,18.18
2020,157,18197,A. Erickson,29.6,17,12,139,0,3.56,1.76,85.71,3,1,33.33,11.58,8.17,1.4,0,0
2020,158,22276,D. Harris,23.9,10,10,79,0,3.16,1.4,100,1,1,100,7.9,7.9,1.61,0,0
2020,159,19200,C. Board,28.5,16,11,101,0,4.36,1.21,78.57,1,1,100,9.18,6.31,1.01,1,6.25
2020,160,19064,T. Taylor,28.1,21,10,86,0,3.45,1.52,76.92,2,1,50,8.6,4.09,0.6,0,0
2020,161,21169,M. Taylor,26.5,6,5,66,1,4.21,2.33,100,0,0,0,13.2,11,0.94,0,0
2020,162,20011,J. Wims,27.7,12,6,48,1,3.96,1.5,100,0,0,0,8,4,0.31,0,0
2020,163,19922,J. Watson,27.2,11,7,94,0,3.19,1.63,77.77,4,2,50,13.42,8.54,1.05,0,0
2020,164,21862,A. Mack,24.8,11,7,91,0,4.35,1.45,87.5,1,0,0,13,8.27,1.1,1,9.09
2020,165,19854,D. Pettis,26.6,6,4,76,1,3.65,1.16,100,3,2,66.66,19,12.66,1.05,0,0
2020,166,21005,P. Campbell,24.9,9,6,71,0,3.06,2.11,75,0,0,0,11.83,7.88,2.44,0,0
2020,167,20816,L. Humphrey,24.1,5,3,46,1,3.25,0.4,100,2,1,50,15.33,9.2,1.17,0,0
2020,168,20722,D. Spencer,30.2,6,3,26,0,2.68,2.08,75,1,0,0,8.66,4.33,0.81,0,0
2020,169,18673,J. Mickens,28.1,10,7,58,0,3.21,1.7,87.5,1,1,100,8.28,5.8,1.56,1,10
2020,170,18039,P. Cooper,27.3,8,5,73,0,5.04,2.87,83.33,0,0,0,14.6,9.12,1.15,0,0
2020,171,21737,T. Cleveland,24.7,9,6,63,0,2.93,1.55,85.71,1,0,0,10.5,7,2.17,0,0
2020,172,21758,K. Hill Jr.,24.7,11,7,73,0,4.1,0.77,77.77,1,0,0,10.42,6.63,0.89,2,18.18
2020,173,19276,A. Carr,28.5,4,3,27,1,4.83,1.75,75,1,0,0,9,6.75,1.12,1,25
2020,174,20067,S. Mitchell Jr.,28.1,8,5,60,0,2.76,0.75,125,1,0,0,12,7.5,1.2,0,0
2020,175,22244,J. Bradley,25.5,11,5,60,0,4.92,1.54,100,4,1,25,12,5.45,1.05,0,0
2020,176,19969,D. Ratley,27.1,10,4,63,0,4.51,1.55,100,3,1,33.33,15.75,6.3,0.7,0,0
2020,177,19755,R. Cracraft,27.6,9,6,41,0,4.13,1.66,75,0,0,0,6.83,4.55,0.6,0,0
2020,178,20081,T. Sherfield,26.3,7,5,50,0,5.16,1.57,100,0,0,0,10,7.14,1.38,0,0
2020,179,19800,C. Sutton,26.7,6,3,66,0,6.93,0.66,100,2,0,0,22,11,4.4,1,16.66
2020,180,21349,A. Dulin,25.1,6,3,53,0,2.46,0.66,100,0,0,0,17.66,8.83,1.76,0,0
2020,181,17289,J. Kumerow,30.3,1,1,22,1,2.5,3,100,0,0,0,22,22,5.5,0,0
2020,182,21718,J. Reed,24.4,1,0,0,0,8.11,0,0,0,0,0,0,0,0,0,0
2020,183,21734,N. Westbrook-Ikhine,25.2,8,3,33,0,4.35,1.12,60,3,1,33.33,11,4.12,0.55,0,0
2020,184,20925,R. Ridley,25.9,4,4,39,0,5.8,2.25,100,1,1,100,9.75,9.75,1.56,0,0
2020,185,21513,D. Shepherd,26.6,8,5,46,0,3.34,1.12,83.33,1,0,0,9.2,5.75,0.56,0,0
2020,186,16326,S. Roberts,31.3,6,4,31,0,3.53,2.5,80,1,0,0,7.75,5.16,0.55,0,0
2020,187,12109,T. Ginn Jr.,37.2,6,3,40,0,2.11,0.66,75,1,0,0,13.33,6.66,1.14,0,0
2020,188,21749,I. Zuber,25.1,2,2,29,0,2.71,0.25,100,0,0,0,14.5,14.5,2.07,0,0
2020,189,19006,J. Malone,26.2,6,4,16,0,3.04,1.16,80,0,0,0,4,2.66,0.37,1,16.66
2020,190,19779,B. Zylstra,29.2,4,3,35,0,4.64,2.75,150,1,1,100,11.66,8.75,0.47,0,0
2020,191,20775,T. Godwin,25.6,6,3,32,0,3.67,1,100,2,0,0,10.66,5.33,1.14,0,0
2020,192,20250,R. Foster,28.1,6,2,37,0,4.36,1.16,50,2,0,0,18.5,6.16,1.94,2,33.33
2020,193,21728,L. Cager,24.8,6,2,35,0,2.4,0.16,200,2,0,0,17.5,5.83,1.59,0,0
2020,194,20373,D. Burnett,24.7,4,3,19,0,1.75,0,0,0,0,0,6.33,4.75,0.57,0,0
2020,195,19981,D. Fountain,26.5,3,2,23,0,2.8,1.33,100,0,0,0,11.5,7.66,0.54,0,0
2020,196,19917,A. Callaway,25.4,4,2,20,0,2.83,1.25,100,0,0,0,10,5,0.55,0,0
2020,197,18881,J. Ross,26.5,7,2,17,0,4.2,1.42,40,1,0,0,8.5,2.42,0.28,1,14.28
2020,198,21742,A. Gandy-Golden,24.2,7,1,3,0,5.34,1.28,33.33,0,0,0,3,0.42,0.03,2,28.57
2020,199,20793,P. Hart,25.9,1,1,3,0,3.5,1,100,0,0,0,3,3,0.15,0,0
2020,200,11565,A. Roberts,34.4,5,4,34,0,4.75,1.6,80,0,0,0,8.5,6.8,0.91,1,20
2020,201,16276,B. Fowler,31,6,2,11,0,4.68,0.33,66.66,1,0,0,5.5,1.83,0.34,1,16.66
2020,202,16232,D. Moncrief,28.8,2,1,15,0,2.92,2,100,1,0,0,15,7.5,1.15,0,0
2020,203,18401,T. Lewis,29.6,3,1,5,0,4.45,0.66,50,0,0,0,5,1.66,0.45,1,33.33
2020,204,19925,J. Scott,27.3,1,1,16,0,0,0,0,0,0,0,16,16,0,0,0
2020,205,21723,J. Proche II,25.7,3,1,14,0,3.42,1,100,0,0,0,14,4.66,1,0,0
2020,206,20071,K. Kirkwood,27.5,2,1,13,0,4.32,5,100,0,0,0,13,6.5,0.52,0,0
2020,207,20295,V. Smith,26,3,1,13,0,3.7,1.16,50,2,0,0,13,4.33,0.54,0,0
2020,208,19280,C. Hollister,28.6,1,1,12,0,4.1,2,100,0,0,0,12,12,1.2,0,0
2020,209,19361,M. Kemp,26.8,1,1,11,0,2.75,8,100,0,0,0,11,11,1.37,0,0
2020,210,19358,G. Dieter,29.3,2,1,10,0,2.75,0.5,100,0,0,0,10,5,0.83,0,0
2020,211,21263,T. Irwin,26.5,2,1,5,0,3.66,3,100,0,0,0,5,2.5,1.66,0,0
2020,212,19184,J. Natson,28.3,0,0,0,0,0,0,0,0,0,0,0,0,0,0,0
2020,213,7651,M. Slater,36.7,0,0,0,0,1,0,0,0,0,0,0,0,0,0,0
2020,214,15974,J. Matthews,29.9,0,0,0,0,1.6,0,0,0,0,0,0,0,0,0,0
2020,215,16768,K. White,29,0,0,0,0,9,0,0,0,0,0,0,0,0,0,0
2020,216,18030,C. Moore,29,0,0,0,0,4,0,0,0,0,0,0,0,0,0,0
2020,217,18058,T. Sharpe,27.5,3,0,0,0,5.27,0,0,1,0,0,0,0,0,0,0
2020,218,18241,J. Holton,30.8,0,0,0,0,0,0,0,0,0,0,0,0,0,0,0
2020,219,18343,M. Michel,28.9,0,0,0,0,0,0,0,0,0,0,0,0,0,0,0
2020,220,18896,C. Grayson Jr.,28.5,3,0,0,0,5.15,6,0,0,0,0,0,0,0,1,33.33
2020,221,18971,T. Taylor,27.3,1,0,0,0,4.2,0,0,1,0,0,0,0,0,1,100
2020,222,19671,F. Brown,28.5,0,0,0,0,0,0,0,0,0,0,0,0,0,0,0
2020,223,19980,D. Cain,25.8,0,0,0,0,3.71,0,0,0,0,0,0,0,0,0,0
2020,224,20079,T. Quinn,26.5,0,0,0,0,1,0,0,0,0,0,0,0,0,0,0
2020,225,20194,R. Gafford,26,2,0,0,0,4.12,1,0,1,0,0,0,0,0,0,0
2020,226,20328,J. Badet,27.9,1,0,0,0,4.56,1,0,0,0,0,0,0,0,0,0
2020,227,20477,D. Willies,27.6,0,0,0,0,0,0,0,0,0,0,0,0,0,0,0
2020,228,20684,M. Turner,26.4,0,0,0,0,6.5,0,0,0,0,0,0,0,0,0,0
2020,229,20886,S. Morgan,25.8,0,0,0,0,4.33,0,0,0,0,0,0,0,0,0,0
2020,230,21072,K. Doss,26.2,0,0,0,0,2,0,0,0,0,0,0,0,0,0,0
2020,231,21115,J. Winfree,25.8,0,0,0,0,4.25,0,0,0,0,0,0,0,0,0,0
2020,232,21178,J. Moore Jr.,27,0,0,0,0,5.66,0,0,0,0,0,0,0,0,0,0
2020,233,21294,A. Bachman,26,0,0,0,0,7,0,0,0,0,0,0,0,0,0,0
2020,234,21708,R. Begelton,28.8,0,0,0,0,3.5,0,0,0,0,0,0,0,0,0,0
2020,235,21714,K. Osborn,25,0,0,0,0,0,0,0,0,0,0,0,0,0,0,0
2020,236,21959,D. Patmon,23.8,0,0,0,0,7,0,0,0,0,0,0,0,0,0,0
2020,237,21967,I. Coulter,23.7,0,0,0,0,3.66,0,0,0,0,0,0,0,0,0,0
2020,238,22090,T. Brown,24.8,0,0,0,0,0,0,0,0,0,0,0,0,0,0,0
2020,239,22339,K. Merritt,25.4,0,0,0,0,0,0,0,0,0,0,0,0,0,0,0
2020,240,22345,D. Chisena,25.3,0,0,0,0,0,0,0,0,0,0,0,0,0,0,0
2020,241,22417,K. Wilkerson,25.4,0,0,0,0,5,0,0,0,0,0,0,0,0,0,0
2020,242,17218,D. Carter,29.2,2,1,8,0,3.11,2,50,0,0,0,8,4,0.88,1,50
2020,243,18992,D. Westbrook,28.5,1,1,4,0,4.36,2,100,0,0,0,4,4,0.36,0,0
2020,244,13117,D. Harris,34.7,0,0,0,0,0,0,0,0,0,0,0,0,0,0,0
2020,245,21295,N. Webster,26.4,0,0,0,0,0,0,0,0,0,0,0,0,0,0,0
2019,1,17960,M. Thomas,29.3,186,149,1725,9,,1.36,94.9,30,19,63.3,11.6,9.3,,3,1.6
2019,2,13291,J. Jones,33.3,156,99,1394,6,,1.31,81.1,52,25,48.1,14.1,8.9,,4,2.6
2019,3,18880,C. Godwin,26.3,119,86,1333,9,,1.48,91.5,25,16,64,15.5,11.2,,3,2.5
2019,4,18882,C. Kupp,29,134,94,1162,10,,1.66,91.3,12,3,25,12.4,8.7,,5,3.7
2019,5,14986,D. Hopkins,30,150,104,1165,7,,1.39,88.1,26,12,46.2,11.2,7.8,,4,2.7
2019,6,15076,K. Allen,30.1,150,104,1199,6,,1.48,82.5,18,9,50,11.5,8,,4,2.7
2019,7,16263,A. Robinson II,28.8,153,98,1147,7,,1.22,83.1,36,21,58.3,11.7,7.5,,6,3.9
2019,8,8355,J. Edelman,36,154,100,1117,6,,1.68,77.5,22,8,36.4,11.2,7.3,,8,5.2
2019,9,18977,K. Golladay,28.6,116,65,1190,11,,1.22,75.6,24,13,54.2,18.3,10.3,,7,6
2019,10,16765,A. Cooper,28,119,79,1189,8,,1.61,79.8,25,12,48,15.1,10,,8,6.7
2019,11,16775,D. Parker,29.4,128,72,1202,9,,1.24,77.4,37,19,51.4,16.7,9.4,,7,5.5
2019,12,16020,J. Landry,29.5,138,83,1174,6,,1.42,83.8,29,14,48.3,14.1,8.5,,1,0.7
2019,13,16830,T. Lockett,29.7,110,82,1057,8,,1.91,87.2,15,5,33.3,12.9,9.6,,2,1.8
2019,14,14871,R. Woods,30.2,140,90,1134,2,,1.31,89.1,15,5,33.3,12.6,8.1,,1,0.7
2019,15,16597,M. Evans,28.8,118,67,1157,8,,1.2,82.7,28,9,32.1,17.3,9.8,,5,4.2
2019,16,19844,D. Moore,25.2,135,87,1175,4,,1.43,87.9,27,15,55.6,13.5,8.7,,3,2.2
2019,17,19816,D. Chark Jr.,25.7,117,73,1008,8,,1.49,77.7,31,8,25.8,13.8,8.6,,0,0
2019,18,17986,T. Boyd,27.6,147,90,1045,5,,1.33,79.6,35,17,48.6,11.6,7.1,,10,6.8
2019,19,19800,C. Sutton,26.7,126,72,1112,6,,1.58,78.3,24,9,37.5,15.4,8.8,,3,2.4
2019,20,16640,J. Brown,32.2,115,72,1060,6,,1.64,78.3,10,7,70,14.7,9.2,,5,4.3
2019,21,21042,A. Brown,24.9,84,52,1051,8,,1.33,77.6,23,7,30.4,20.2,12.5,,2,2.4
2019,22,16906,S. Diggs,28.5,93,63,1129,6,,1.62,81.8,17,7,41.2,17.9,12.1,,6,6.5
2019,23,19867,M. Gallup,26.3,112,66,1107,6,,1.25,71.7,29,13,44.8,16.8,9.9,,11,9.8
2019,24,16470,D. Adams,29.5,127,83,997,5,,1.88,80.6,13,5,38.5,12,7.9,,5,3.9
2019,25,16389,O. Beckham Jr.,29.6,133,74,1035,4,,1.75,74.7,30,12,40,14,7.8,,11,8.3
2019,26,16866,J. Crowder,29,122,78,834,6,,1.39,87.6,13,5,38.5,10.7,6.8,,6,4.9
2019,27,19802,C. Ridley,27.5,93,63,866,7,,1.8,80.8,23,9,39.1,13.7,9.3,,2,2.2
2019,28,13870,M. Jones Jr.,32.2,92,62,779,9,,1.4,81.6,15,7,46.7,12.6,8.5,,6,6.5
2019,29,20873,T. McLaurin,26.7,93,58,919,7,,1.51,78.4,19,13,68.4,15.8,9.9,,6,6.5
2019,30,11063,E. Sanders,35.2,96,66,869,5,,1.49,88,8,4,50,13.2,9.1,,3,3.1
2019,31,18082,T. Hill,28.3,88,58,860,7,,1.97,85.3,12,3,25,14.8,9.8,,3,3.4
2019,32,20932,D. Samuel,26.4,81,57,803,3,,1.84,82.6,12,6,50,14.1,9.9,,9,11.1
2019,33,20875,D. Metcalf,24.5,100,58,900,7,,1.34,70.7,21,10,47.6,15.5,9,,8,8
2019,34,14141,C. Beasley,33.1,105,67,778,6,,1.86,79.8,6,3,50,11.6,7.4,,6,5.7
2019,35,5571,L. Fitzgerald,38.8,109,75,804,4,,0.95,89.3,17,8,47.1,10.7,7.4,,3,2.8
2019,36,18928,C. Samuel,25.8,107,54,627,6,,1.75,80.6,24,7,29.2,11.6,5.9,,6,5.6
2019,37,20943,D. Slayton,25.4,83,48,740,8,,1.16,73.8,21,7,33.3,15.4,8.9,,5,6
2019,38,19815,C. Kirk,25.6,108,68,709,3,,1.46,86.1,11,4,36.4,10.4,6.6,,4,3.7
2019,39,18914,M. Williams,27.7,90,49,1001,2,,0.97,74.2,27,10,37,20.4,11.1,,7,7.8
2019,40,18187,R. Anderson,29.1,96,52,778,5,,1.4,78.8,24,9,37.5,15,8.1,,2,2.1
2019,41,21077,D. Johnson,25.9,92,59,680,5,,2.39,88.1,6,1,16.7,11.5,7.4,,3,3.3
2019,42,13227,R. Cobb,31.8,83,55,828,3,,1.8,80.9,13,6,46.2,15.1,10,,7,8.4
2019,43,16837,C. Conley,29.6,91,47,775,5,,1.2,68.1,21,6,28.6,16.5,8.5,,8,8.8
2019,44,11611,G. Tate,33.9,85,49,676,6,,1.09,65.3,27,10,37,13.8,8,,3,3.5
2019,45,18992,D. Westbrook,28.5,101,66,660,3,,1.61,77.6,18,4,22.2,10,6.5,,7,6.9
2019,46,21045,M. Brown,25,71,46,584,7,,1.35,83.6,6,2,33.3,12.7,8.2,,4,5.6
2019,47,17048,T. Williams,30.3,64,42,651,6,,1.39,77.8,18,12,66.7,15.5,10.2,,6,9.4
2019,48,9906,D. Amendola,36.6,96,62,678,1,,1.55,80.5,4,0,0,10.9,7.1,,8,8.3
2019,49,17961,S. Shepard,29.3,85,57,576,3,,1.57,81.4,13,2,15.4,10.1,6.8,,2,2.4
2019,50,16787,B. Perriman,28.7,69,36,645,6,,1.49,83.7,16,7,43.8,17.9,9.3,,3,4.3
2019,51,16003,S. Watkins,29,90,52,673,3,,1.51,75.4,12,6,50,12.9,7.5,,5,5.6
2019,52,17916,W. Fuller V,28.1,71,49,670,3,,1.52,84.5,13,7,53.8,13.7,9.4,,6,8.5
2019,53,19865,J. Washington,26.2,79,44,735,3,,1.2,84.6,16,9,56.2,16.7,9.3,,2,2.5
2019,54,20924,H. Renfrow,26.5,71,49,605,4,,1.54,81.7,10,3,30,12.3,8.5,,5,7
2019,55,19172,Z. Pascal,27.5,72,41,607,5,,1.35,69.5,19,5,26.3,14.8,8.4,,0,0
2019,56,19864,A. Miller,27.7,85,52,656,2,,1.58,77.6,9,4,44.4,12.6,7.7,,6,7.1
2019,57,14005,T. Hilton,32.6,69,45,501,5,,1.5,83.3,12,2,16.7,11.1,7.3,,3,4.3
2019,58,13878,M. Sanu Sr.,32.8,89,59,520,2,,1.61,83.1,9,5,55.6,8.8,5.8,,7,7.9
2019,59,14187,A. Jeffery,32.3,72,43,490,4,,1.3,79.6,15,2,13.3,11.4,6.8,,5,6.9
2019,60,15196,K. Stills,30.1,55,40,561,4,,1.32,90.9,4,2,50,14,10.2,,3,5.5
2019,61,16568,B. Cooks,28.7,72,42,583,2,,1.45,87.5,11,6,54.5,13.9,8.1,,4,5.6
2019,62,18879,C. Davis,27.4,69,43,601,2,,1.54,84.3,10,6,60,14,8.7,,3,4.3
2019,63,15534,A. Thielen,31.8,48,30,418,6,,1.53,85.7,5,3,60,13.9,8.7,,2,4.2
2019,64,20788,M. Hardman,24.2,41,26,538,6,,2.02,83.9,5,2,40,20.7,13.1,,2,4.9
2019,65,18883,J. Smith-Schuster,25.5,72,42,552,3,,1.4,80.8,14,7,50,13.1,7.7,,3,4.2
2019,66,21400,S. Sims,25.2,56,34,310,4,,1.9,79.1,5,0,0,9.1,5.5,,6,10.7
2019,67,20145,A. Lazard,26.5,52,35,477,3,,1.71,81.4,8,4,50,13.6,9.2,,4,7.7
2019,68,20057,A. Tate,25.3,81,40,575,1,,1.09,75.5,28,11,39.3,14.4,7.1,,2,2.5
2019,69,18047,D. Robinson,27.7,55,32,449,4,,2.02,74.4,8,3,37.5,14,8.2,,6,10.9
2019,70,16790,P. Dorsett II,29.4,54,29,397,5,,1.72,70.7,8,0,0,13.7,7.4,,1,1.9
2019,71,20006,R. Gage,26.4,74,49,446,1,,1.86,81.7,13,3,23.1,9.1,6,,3,4.1
2019,72,18197,A. Erickson,29.6,78,43,529,0,,1.52,76.8,8,1,12.5,12.3,6.8,,3,3.8
2019,73,19318,K. Bourne,26.8,45,30,358,5,,1.44,88.2,6,3,50,11.9,8,,4,8.9
2019,74,16141,W. Snead IV,29.6,45,31,339,5,,1.18,83.8,8,4,50,10.9,7.5,,2,4.4
2019,75,18881,J. Ross,26.5,56,28,506,3,,1.77,63.6,11,4,36.4,18.1,9,,9,16.1
2019,76,16781,N. Agholor,29,70,39,363,3,,1.44,78,15,4,26.7,9.3,5.2,,4,5.7
2019,77,20988,P. Williams,25.2,60,32,428,3,,1.2,72.7,21,10,47.6,13.4,7.1,,5,8.3
2019,78,16129,T. Gabriel,31.3,48,29,353,4,,1.88,74.4,5,1,20,12.2,7.4,,3,6.2
2019,79,16308,A. Wilson,29.9,62,43,351,1,,1.97,84.3,2,1,50,8.2,5.7,,5,8.1
2019,80,17290,A. Humphries,29,47,37,374,2,,1.23,90.2,6,4,66.7,10.1,8,,2,4.3
2019,81,12109,T. Ginn Jr.,37.2,55,30,421,2,,1.84,73.2,10,5,50,14,7.7,,8,14.5
2019,82,11197,D. Thomas,34.5,59,36,433,1,,1.35,81.8,13,7,53.8,12,7.3,,4,6.8
2019,83,19976,M. Valdes-Scantling,27.7,57,26,452,2,,1.28,74.3,10,2,20,17.4,7.9,,3,5.3
2019,84,16253,A. Hurns,30.6,48,32,416,2,,1.89,82.1,7,1,14.3,13,8.7,,4,8.3
2019,85,18058,T. Sharpe,27.5,35,25,329,4,,1.47,92.6,10,6,60,13.2,9.4,,0,0
2019,86,20836,B. Johnson,25.2,45,31,294,3,,1.69,88.6,2,1,50,9.5,6.5,,2,4.4
2019,87,19514,K. Cole,29.1,36,24,361,3,,2.24,82.8,4,3,75,15,10,,2,5.6
2019,88,14587,J. Gordon,31.2,47,27,426,1,,1.98,79.4,11,6,54.5,15.8,9.1,,2,4.3
2019,89,18269,G. Allison,28.4,56,34,287,2,,1.71,75.6,6,3,50,8.4,5.1,,6,10.7
2019,90,17141,D. Byrd,29.4,46,32,359,1,,1.02,88.9,8,3,37.5,11.2,7.8,,2,4.3
2019,91,19897,T. Smith,26.4,25,18,234,5,,1.76,94.7,4,1,25,13,9.4,,1,4
2019,92,20789,K. Harmon,25.5,44,30,365,0,,1.32,75,13,4,30.8,12.2,8.3,,1,2.3
2019,93,16278,C. Latimer,29.7,43,24,300,2,,1.07,88.9,12,5,41.7,12.5,7,,2,4.7
2019,94,16694,P. Richardson,30.2,42,28,245,2,,1.81,77.8,7,3,42.9,8.8,5.8,,3,7.1
2019,95,19916,D. Hamilton,27.2,52,28,297,1,,1.92,82.4,5,1,20,10.6,5.7,,4,7.7
2019,96,19043,I. McKenzie,27.2,39,27,254,1,,1.67,90,1,0,0,9.4,6.5,,2,5.1
2019,97,19017,J. Reynolds,27.3,43,21,326,1,,1.36,75,9,2,22.2,15.5,7.6,,3,7
2019,98,20876,J. Meyers,25.6,41,26,359,0,,1.44,81.2,8,5,62.5,13.8,8.8,,3,7.3
2019,99,16326,S. Roberts,31.3,35,21,271,2,,1.77,84,5,2,40,12.9,7.7,,0,0
2019,100,19705,G. Ward,26.9,40,28,254,1,,1.66,96.6,5,1,20,9.1,6.3,,1,2.5
2019,101,19120,D. Moore,27.4,34,17,301,2,,1.35,68,8,2,25,17.7,8.9,,1,2.9
2019,102,14465,J. Wright,32.5,58,28,296,0,,1.47,65.1,8,0,0,10.6,5.1,,6,10.3
2019,103,18209,M. Johnson,27.8,33,17,277,2,,1.64,68,6,3,50,16.3,8.4,,4,12.1
2019,104,18039,P. Cooper,27.3,33,25,243,1,,1.14,92.6,7,3,42.9,9.7,7.4,,1,3
2019,105,19937,K. Coutee,25.4,36,22,254,0,,1.62,84.6,4,1,25,11.5,7.1,,3,8.3
2019,106,21037,M. Boykin,25.7,22,13,198,3,,1.5,76.5,5,0,0,15.2,9,,1,4.5
2019,107,20079,T. Quinn,26.5,47,26,195,1,,1.68,83.9,8,3,37.5,7.5,4.1,,2,4.3
2019,108,18926,Z. Jones,27.2,46,27,216,0,,1.49,84.4,0,0,,8,4.7,,1,2.2
2019,109,20295,V. Smith,26,31,17,225,0,,1.52,73.9,3,0,0,13.2,7.3,,2,6.5
2019,110,19098,I. Ford,26.3,35,23,244,0,,1.11,79.3,8,3,37.5,10.6,7,,1,2.9
2019,111,15509,J. Brown,32.4,28,16,220,2,,1.57,88.9,1,1,100,13.8,7.9,,4,14.3
2019,112,18361,C. Rogers,28.4,27,16,179,2,,1.98,72.7,4,3,75,11.2,6.6,,4,14.8
2019,113,20684,M. Turner,26.4,22,15,245,1,,1.91,83.3,3,2,66.7,16.3,11.1,,1,4.5
2019,114,16276,B. Fowler,31,35,23,193,0,,1.63,79.3,5,3,60,8.4,5.5,,1,2.9
2019,115,20835,K. Johnson,25.7,42,21,187,1,,1.4,75,5,1,20,8.9,4.5,,2,4.8
2019,116,19922,J. Watson,27.2,26,15,159,2,,1.73,83.3,5,3,60,10.6,6.1,,1,3.8
2019,117,20011,J. Wims,27.7,39,18,186,1,,1.24,72,8,3,37.5,10.3,4.8,,3,7.7
2019,118,21138,S. Miller,24.9,26,13,200,1,,1.63,81.2,2,1,50,15.4,7.7,,1,3.8
2019,119,17289,J. Kumerow,30.3,21,12,219,1,,1.9,70.6,5,2,40,18.2,10.4,,2,9.5
2019,120,18103,J. Grant Sr.,29.6,32,19,164,0,,2.36,86.4,1,0,0,8.6,5.1,,2,6.2
2019,121,18717,M. Hall,29.2,11,7,261,1,,1.36,87.5,2,1,50,37.3,23.7,,0,0
2019,122,20792,N. Harry,24.5,24,12,105,2,,1.08,60,7,1,14.3,8.8,4.4,,1,4.2
2019,123,16868,J. Hardy,30.5,26,19,195,0,,1.9,70.4,8,3,37.5,10.3,7.5,,1,3.8
2019,124,14865,M. Goodwin,31.6,21,12,186,1,,2.14,63.2,3,1,33.3,15.5,8.9,,4,19
2019,125,21005,P. Campbell,24.9,24,18,127,1,,1.44,90,2,1,50,7.1,5.3,,1,4.2
2019,126,19969,D. Ratley,27.1,24,12,200,1,,1.31,70.6,11,3,27.3,16.7,8.3,,0,0
2019,127,19207,T. Patrick,28.5,31,16,218,0,,1.77,84.2,5,3,60,13.6,7,,2,6.5
2019,128,3943,D. Jackson,35.5,11,9,159,2,,2.09,90,0,0,,17.7,14.5,,1,9.1
2019,129,20820,A. Isabella,25.6,13,9,189,1,,1.12,90,3,1,33.3,21,14.5,,0,0
2019,130,20150,B. Pringle,28.6,16,12,170,1,,1.41,92.3,0,0,,14.2,10.6,,1,6.2
2019,131,18666,D. Williams,29.1,19,12,166,1,,1.37,70.6,2,1,50,13.8,8.7,,1,5.3
2019,132,19854,D. Pettis,26.6,24,11,109,2,,1.48,57.9,5,1,20,9.9,4.5,,4,16.7
2019,133,17914,L. Treadwell,27,16,9,184,1,,3.09,64.3,4,0,0,20.4,11.5,,1,6.2
2019,134,16728,D. Inman,33.4,21,12,181,0,,1.19,60,3,0,0,15.1,8.6,,4,19
2019,135,18422,K. Raymond,27.8,12,9,170,1,,0.88,90,3,2,66.7,18.9,14.2,,0,0
2019,136,18080,T. Davis,28.9,11,8,111,0,,1,100,0,0,,13.9,10.1,,0,0
2019,137,20077,R. James,26.8,10,6,165,1,,2.1,75,0,0,,27.5,16.5,,1,10
2019,138,17218,D. Carter,29.2,14,11,162,0,,2.29,91.7,0,0,,14.7,11.6,,1,7.1
2019,139,21072,K. Doss,26.2,14,11,133,0,,1.57,91.7,2,1,50,12.1,9.5,,1,7.1
2019,140,19023,M. Hollins,28.7,23,10,125,0,,1.24,66.7,5,1,20,12.5,5.4,,0,0
2019,141,16798,D. Smith,30.3,9,5,113,1,,1.28,100,0,0,,22.6,12.6,,0,0
2019,142,19980,D. Cain,25.8,20,9,124,0,,0.78,56.2,4,2,50,13.8,6.2,,1,5
2019,143,21142,O. Zaccheaus,24.9,5,3,115,1,,1.6,75,1,0,0,38.3,23,,0,0
2019,144,20224,C. Blake,26,24,11,91,0,,1.35,84.6,7,1,14.3,8.3,3.8,,0,0
2019,145,19779,B. Zylstra,29.2,12,8,106,0,,1.58,100,1,1,100,13.2,8.8,,0,0
2019,146,21528,D. Willis,25,16,9,82,0,,1.12,69.2,5,1,20,9.1,5.1,,0,0
2019,147,19917,A. Callaway,25.4,15,8,89,0,,1.2,66.7,3,0,0,11.1,5.9,,3,20
2019,148,11056,A. Brown,33.9,8,4,56,1,,1.12,57.1,4,1,25,14,7,,0,0
2019,149,18089,R. Higgins,27.7,11,4,55,1,,1.64,80,1,0,0,13.8,5,,0,0
2019,150,20038,B. Berrios,26.7,13,6,115,0,,1.38,75,3,3,100,19.2,8.8,,1,7.7
2019,151,14828,C. Hogan,34.6,15,8,67,0,,2,80,2,0,0,8.4,4.5,,1,6.7
2019,152,19811,M. Ateman,27.7,10,5,116,0,,1.6,71.4,2,1,50,23.2,11.6,,0,0
2019,153,20194,R. Gafford,26,2,2,66,1,,5.75,100,0,0,,33,33,,0,0
2019,154,16919,J. Nelson,30.1,5,4,36,1,,0.6,100,0,0,,9,7.2,,0,0
2019,155,20925,R. Ridley,25.9,7,6,69,0,,2.07,100,0,0,,11.5,9.9,,0,0
2019,156,16456,T. Jones,29.9,4,3,38,1,,0,,0,0,,12.7,9.5,,0,0
2019,157,20250,R. Foster,28.1,18,3,64,0,,1.39,27.3,4,0,0,21.3,3.6,,0,0
2019,158,20081,T. Sherfield,26.3,13,4,80,0,,1.38,66.7,4,1,25,20,6.2,,1,7.7
2019,159,19568,A. Patton,28,17,6,56,0,,0.97,66.7,2,0,0,9.3,3.3,,1,5.9
2019,160,20679,K. Hodge,27.4,10,4,76,0,,1.35,80,2,1,50,19,7.6,,0,0
2019,161,19008,R. Switzer,27.6,11,8,27,0,,1.82,100,0,0,,3.4,2.5,,0,0
2019,162,18540,T. Jones,29.5,11,4,61,0,,0.45,66.7,5,1,20,15.2,5.5,,1,9.1
2019,163,20013,C. Wilson Jr.,26.6,8,5,46,0,,0.44,83.3,1,1,100,9.2,5.8,,1,12.5
2019,164,21163,D. Harty,24.5,6,6,24,0,,1,100,0,0,,4,4,,0,0
2019,165,17269,D. White,30.6,9,4,51,0,,0.78,100,3,0,0,12.8,5.7,,0,0
2019,166,13887,T. Benjamin,32.4,16,6,30,0,,1.56,54.5,2,0,0,5,1.9,,4,25
2019,167,20511,C. Lacy,26.4,10,3,60,0,,1.4,75,0,0,,20,6,,1,10
2019,168,20582,C. Beebe,28,3,2,70,0,,2,100,0,0,,35,23.3,,0,0
2019,169,21548,V. Bryant,25.8,1,1,15,1,,1,100,1,1,100,15,15,,0,0
2019,170,20722,D. Spencer,30.2,8,6,31,0,,1.94,120,1,0,0,5.2,3.9,,0,0
2019,171,15974,J. Matthews,29.9,12,4,33,0,,0.58,44.4,5,1,20,8.2,2.8,,0,0
2019,172,16946,G. Davis,30.4,3,3,38,0,,0.67,100,1,1,100,12.7,12.7,,0,0
2019,173,20373,D. Burnett,24.7,4,2,48,0,,0.75,100,1,0,0,24,12,,0,0
2019,174,21312,A. Hollins,25.5,4,2,46,0,,1.75,66.7,0,0,,23,11.5,,1,25
2019,175,21178,J. Moore Jr.,27,5,2,43,0,,1.2,100,0,0,,21.5,8.6,,0,0
2019,176,9331,M. Crabtree,34.7,5,4,22,0,,0.8,100,0,0,,5.5,4.4,,0,0
2019,177,16802,D. Funchess,28.1,5,3,32,0,,0.6,60,1,0,0,10.7,6.4,,1,20
2019,178,18241,J. Holton,30.8,15,3,21,0,,1.2,37.5,3,0,0,7,1.4,,2,13.3
2019,179,16232,D. Moncrief,28.8,15,4,18,0,,0.93,30.8,4,0,0,4.5,1.2,,2,13.3
2019,180,18116,C. Core,28.1,5,3,28,0,,1.4,100,0,0,,9.3,5.6,,0,0
2019,181,11565,A. Roberts,34.4,7,3,20,0,,2.29,60,1,0,0,6.7,2.9,,0,0
2019,182,20067,S. Mitchell Jr.,28.1,6,2,37,0,,2,100,1,0,0,18.5,6.2,,0,0
2019,183,14850,R. Shepard,31.7,8,3,25,0,,1.81,100,1,0,0,8.3,3.1,,0,0
2019,184,16411,R. Grant,31.5,9,4,14,0,,0.78,57.1,3,1,33.3,3.5,1.6,,2,22.2
2019,185,21106,I. Hyman,26.8,4,2,34,0,,2.75,66.7,0,0,,17,8.5,,1,25
2019,186,18030,C. Moore,29,5,3,21,0,,2.4,75,0,0,,7,4.2,,0,0
2019,187,19200,C. Board,28.5,4,2,31,0,,2,66.7,0,0,,15.5,7.8,,1,25
2019,188,16258,M. Lee,30.5,4,3,18,0,,1.75,100,0,0,,6,4.5,,0,0
2019,189,20886,S. Morgan,25.8,10,3,18,0,,0.85,42.9,3,0,0,6,1.8,,1,10
2019,190,20117,D. Scott,26.8,3,2,22,0,,0.67,100,0,0,,11,7.3,,0,0
2019,191,20529,C. Sims,26.4,3,2,27,0,,1,100,2,1,50,13.5,9,,0,0
2019,192,19348,J. Wilson,27.4,10,3,35,0,,0.95,60,3,0,0,11.7,3.5,,0,0
2019,193,19671,F. Brown,28.5,3,2,21,0,,1.33,100,0,0,,10.5,7,,0,0
2019,194,14795,J. Bellamy,33.1,3,2,20,0,,4,66.7,0,0,,10,6.7,,1,33.3
2019,195,17070,D. Jennings,29.9,5,2,17,0,,0.6,66.7,1,0,0,8.5,3.4,,0,0
2019,196,19131,R. Davis,27.2,5,2,17,0,,1,40,3,0,0,8.5,3.4,,0,0
2019,197,21349,A. Dulin,25.1,2,2,17,0,,0.5,100,0,0,,8.5,8.5,,0,0
2019,198,8662,M. Thomas,35,5,2,14,0,,0.9,50,0,0,,7,2.8,,1,20
2019,199,21601,G. Olszewski,25.5,4,2,34,0,,1.5,66.7,1,0,0,17,8.5,,0,0
2019,200,19280,C. Hollister,28.6,2,2,13,0,,3,100,0,0,,6.5,6.5,,0,0
2019,201,21078,J. Smith,25.1,2,1,12,0,,4.5,100,0,0,,12,6,,0,0
2019,202,16305,D. Thomas,29.4,2,1,6,0,,1.5,50,0,0,,6,3,,1,50
2019,203,20970,J. Ursua,28.4,1,1,11,0,,0,100,0,0,,11,11,,0,0
2019,204,19276,A. Carr,28.5,4,1,9,0,,1.75,50,1,0,0,9,2.2,,1,25
2019,205,13117,D. Harris,34.7,1,1,7,0,,3,100,0,0,,7,7,,0,0
2019,206,19044,J. Agnew,27.2,2,1,-2,0,,0,,0,0,,-2,-1,,0,0
2019,207,19925,J. Scott,27.3,3,1,6,0,,1.33,50,1,0,0,6,2,,0,0
2019,208,19403,K. Hogan,27.1,1,1,4,0,,1,100,0,0,,4,4,,0,0
2019,209,18896,C. Grayson Jr.,28.5,1,1,3,0,,2,100,0,0,,3,3,,0,0
2019,210,16063,Q. Enunwa,30,3,1,-4,0,,0.33,100,0,0,,-4,-1.3,,0,0
2019,211,7651,M. Slater,36.7,0,0,0,0,,,,0,0,,,,,0,
2019,212,18673,J. Mickens,28.1,0,0,0,0,,,,0,0,,,,,0,
2019,213,18971,T. Taylor,27.3,1,0,0,0,,0,,0,0,,,0,,0,0
2019,214,18974,C. Williams,27.6,1,0,0,0,,1,,0,0,,,0,,0,0
2019,215,19184,J. Natson,28.3,0,0,0,0,,,,0,0,,,,,0,
2019,216,20762,T. Fulgham,26.7,3,0,0,0,,0.67,0,0,0,,,0,,1,33.3
2019,217,20816,L. Humphrey,24.1,1,0,0,0,,0,0,1,0,0,,0,,0,0
2019,218,21115,J. Winfree,25.8,0,0,0,0,,,,0,0,,,,,0,
2019,219,21295,N. Webster,26.4,0,0,0,0,,,,0,0,,,,,0,
2019,220,21434,S. Schnell,27.5,0,0,0,0,,,,0,0,,,,,0,
2019,221,21448,J. Guyton,25,2,0,0,0,,0.5,0,1,0,0,,0,,1,50
2019,222,21254,M. Walker,25.6,3,2,15,0,,1,200,0,0,,7.5,5,,0,0
2019,223,21513,D. Shepherd,26.6,2,1,1,0,,3,50,0,0,,1,0.5,,1,50
2019,224,19961,R. McCloud,25.6,0,0,0,0,,,,,,,,,,0,
2019,225,21071,G. Dortch,24,0,0,0,0,,,,0,0,,,,,0,
2018,1,14986,D. Hopkins,30,163,115,1572,11,,1.44,88.5,43,24,55.8,13.7,9.6,,3,1.8
2018,2,18082,T. Hill,28.3,137,87,1479,12,,1.46,85.3,20,9,45,17,10.8,,5,3.6
2018,3,16470,D. Adams,29.5,169,111,1386,13,,1.67,87.4,15,6,40,12.5,8.2,,8,4.7
2018,4,13291,J. Jones,33.3,170,113,1677,8,,1.4,85,42,19,45.2,14.8,9.9,,8,4.7
2018,5,11056,A. Brown,33.9,169,104,1297,15,,1.31,86.7,28,5,17.9,12.5,7.7,,4,2.4
2018,6,17960,M. Thomas,29.3,147,125,1405,9,,1.47,89.3,23,17,73.9,11.2,9.6,,4,2.7
2018,7,15534,A. Thielen,31.8,155,113,1373,9,,1.45,86.3,18,10,55.6,12.2,8.9,,5,3.2
2018,8,18883,J. Smith-Schuster,25.5,166,111,1426,7,,1.14,84.7,34,17,50,12.8,8.6,,9,5.4
2018,9,16597,M. Evans,28.8,139,86,1524,8,,1.28,81.9,31,19,61.3,17.7,11,,8,5.8
2018,10,14871,R. Woods,30.2,131,86,1219,6,,1.4,84.3,23,10,43.5,14.2,9.3,,4,3.1
2018,11,16906,S. Diggs,28.5,148,102,1021,9,,1.36,87.2,27,16,59.3,10,6.9,,4,2.7
2018,12,15076,K. Allen,30.1,137,97,1196,6,,1.5,85.8,20,9,45,12.3,8.7,,8,5.8
2018,13,16568,B. Cooks,28.7,116,80,1204,5,,1.21,87,32,16,50,15.1,10.4,,2,1.7
2018,14,14005,T. Hilton,32.6,120,76,1270,6,,1.04,78.4,32,10,31.2,16.7,10.6,,6,5
2018,15,16389,O. Beckham Jr.,29.6,124,77,1052,6,,1.65,84.6,27,10,37,13.7,8.5,,4,3.2
2018,16,17986,T. Boyd,27.6,108,76,1028,7,,1.41,87.4,13,7,53.8,13.5,9.5,,5,4.6
2018,17,16830,T. Lockett,29.7,71,57,965,10,,1.77,96.6,9,8,88.9,16.9,13.6,,0,0
2018,18,16765,A. Cooper,28,108,75,1005,7,,1.71,92.6,15,10,66.7,13.4,9.3,,4,3.7
2018,19,16020,J. Landry,29.5,148,81,976,4,,1.66,79.4,22,15,68.2,12,6.6,,9,6.1
2018,20,8355,J. Edelman,36,108,74,850,6,,1.48,82.2,11,2,18.2,11.5,7.9,,8,7.4
2018,21,18977,K. Golladay,28.6,118,70,1063,5,,1.29,77.8,18,10,55.6,15.2,9,,6,5.1
2018,22,19802,C. Ridley,27.5,92,64,821,10,,1.84,82.1,12,4,33.3,12.8,8.9,,7,7.6
2018,23,11063,E. Sanders,35.2,98,71,868,4,,1.56,79.8,14,7,50,12.2,8.9,,5,5.1
2018,24,17290,A. Humphries,29,104,76,816,5,,1.65,84.4,9,3,33.3,10.7,7.8,,6,5.8
2018,25,14187,A. Jeffery,32.3,92,65,843,6,,1.15,82.3,26,15,57.7,13,9.2,,4,4.3
2018,26,5571,L. Fitzgerald,38.8,112,69,734,6,,1.03,85.2,23,11,47.8,10.6,6.6,,0,0
2018,27,18879,C. Davis,27.4,112,65,891,4,,1.54,75.6,15,5,33.3,13.7,8,,10,8.9
2018,28,18880,C. Godwin,26.3,95,59,842,7,,1.4,85.5,23,11,47.8,14.3,8.9,,2,2.1
2018,29,11611,G. Tate,33.9,113,74,795,4,,1.39,78.7,9,4,44.4,10.7,7,,10,8.8
2018,30,17961,S. Shepard,29.3,107,66,872,4,,1.63,77.6,26,10,38.5,13.2,8.1,,6,5.6
2018,31,13878,M. Sanu Sr.,32.8,94,66,838,4,,1.52,84.6,15,7,46.7,12.7,8.9,,2,2.1
2018,32,18914,M. Williams,27.7,66,43,664,10,,1.22,79.6,18,9,50,15.4,10.1,,2,3
2018,33,18992,D. Westbrook,28.5,101,66,717,5,,1.48,77.6,32,9,28.1,10.9,7.1,,4,4
2018,34,16781,N. Agholor,29,97,64,736,4,,1.14,85.3,10,3,30,11.5,7.6,,3,3.1
2018,35,18926,Z. Jones,27.2,102,56,652,7,,1.58,71.8,16,6,37.5,11.6,6.4,,5,4.9
2018,36,19844,D. Moore,25.2,82,55,788,2,,1.08,84.6,15,8,53.3,14.3,9.6,,2,2.4
2018,37,11197,D. Thomas,34.5,89,59,677,5,,1.25,79.7,12,8,66.7,11.5,7.6,,8,9
2018,38,18187,R. Anderson,29.1,93,50,752,6,,1.23,78.1,21,4,19,15,8.1,,2,2.2
2018,39,4556,J. Nelson,37,88,63,739,3,,1.31,87.5,16,7,43.8,11.7,8.4,,2,2.3
2018,40,16263,A. Robinson II,28.8,94,55,754,4,,0.97,85.9,24,10,41.7,13.7,8,,2,2.1
2018,41,16129,T. Gabriel,31.3,93,67,688,2,,1.77,93.1,15,7,46.7,10.3,7.4,,1,1.1
2018,42,3943,D. Jackson,35.5,75,41,774,4,,1.7,78.8,10,2,20,18.9,10.3,,2,2.7
2018,43,14141,C. Beasley,33.1,86,65,672,3,,1.83,92.9,8,5,62.5,10.3,7.8,,1,1.2
2018,44,12845,A. Green,33.9,77,46,694,6,,1.17,76.7,18,12,66.7,15.1,9,,6,7.8
2018,45,16640,J. Brown,32.2,97,42,715,5,,1.31,71.2,15,3,20,17,7.4,,6,6.2
2018,46,13460,D. Baldwin,33.7,73,50,618,5,,1.29,86.2,10,6,60,12.4,8.5,,1,1.4
2018,47,14587,J. Gordon,31.2,71,41,737,4,,1.08,75.9,11,4,36.4,18,10.4,,6,8.5
2018,48,15196,K. Stills,30.1,64,37,553,7,,1.03,74,9,5,55.6,14.9,8.6,,4,6.2
2018,49,17048,T. Williams,30.3,64,41,653,5,,1.45,87.2,16,11,68.8,15.9,10.2,,2,3.1
2018,50,18928,C. Samuel,25.8,65,39,494,5,,1.27,76.5,11,6,54.5,12.7,7.6,,4,6.2
2018,51,19800,C. Sutton,26.7,84,42,704,4,,1.12,68.9,23,8,34.8,16.8,8.4,,6,7.1
2018,52,18882,C. Kupp,29,56,40,566,6,,1.56,88.9,5,4,80,14.2,10.1,,3,5.4
2018,53,16141,W. Snead IV,29.6,95,62,651,1,,1.65,87.3,13,7,53.8,10.5,6.9,,4,4.2
2018,54,16232,D. Moncrief,28.8,90,48,668,3,,1.18,72.7,26,5,19.2,13.9,7.4,,5,5.6
2018,55,9331,M. Crabtree,34.7,100,54,607,3,,1.52,75,17,5,29.4,11.2,6.1,,8,8
2018,56,19917,A. Callaway,25.4,81,43,586,5,,1.45,78.2,15,7,46.7,13.6,7.2,,7,8.6
2018,57,9906,D. Amendola,36.6,79,59,575,1,,1.71,86.8,6,3,50,9.7,7.3,,3,3.8
2018,58,19815,C. Kirk,25.6,68,43,590,3,,1.46,89.6,9,3,33.3,13.7,8.7,,3,4.4
2018,59,16802,D. Funchess,28.1,79,44,549,4,,1.14,75.9,15,8,53.3,12.5,6.9,,11,13.9
2018,60,19864,A. Miller,27.7,54,33,423,7,,1.59,78.6,9,5,55.6,12.8,7.8,,3,5.6
2018,61,18089,R. Higgins,27.7,54,39,572,4,,1.67,92.9,4,3,75,14.7,10.6,,4,7.4
2018,62,13870,M. Jones Jr.,32.2,62,35,508,5,,1.68,72.9,9,3,33.3,14.5,8.2,,4,6.5
2018,63,16003,S. Watkins,29,55,40,519,3,,1.91,87,7,1,14.3,13,9.4,,1,1.8
2018,64,19318,K. Bourne,26.8,66,42,487,4,,1.42,84,11,6,54.5,11.6,7.4,,3,4.5
2018,65,18361,C. Rogers,28.4,72,53,485,2,,1.81,80.3,7,3,42.9,9.2,6.7,,6,8.3
2018,66,19976,M. Valdes-Scantling,27.7,72,38,581,2,,1.46,77.6,9,3,33.3,15.3,8.1,,3,4.2
2018,67,17939,J. Doctson,29.5,79,44,532,2,,1.16,80,19,12,63.2,12.1,6.7,,2,2.5
2018,68,16326,S. Roberts,31.3,65,45,494,2,,1.38,90,9,7,77.8,11,7.6,,4,6.2
2018,69,17916,W. Fuller V,28.1,45,32,503,4,,1.67,100,4,2,50,15.7,11.2,,0,0
2018,70,14828,C. Hogan,34.6,53,35,532,3,,1.41,87.5,9,4,44.4,15.2,10,,2,3.8
2018,71,19854,D. Pettis,26.6,45,27,467,5,,2.38,81.8,2,0,0,17.3,10.4,,2,4.4
2018,72,19120,D. Moore,27.4,52,26,445,5,,0.93,72.2,13,5,38.5,17.1,8.6,,2,3.8
2018,73,19897,T. Smith,26.4,44,28,427,5,,1,90.3,9,5,55.6,15.2,9.7,,2,4.5
2018,74,19017,J. Reynolds,27.3,53,29,402,5,,1.79,82.9,10,4,40,13.9,7.6,,0,0
2018,75,20250,R. Foster,28.1,44,27,541,3,,1.34,79.4,8,4,50,20,12.3,,2,4.5
2018,76,16308,A. Wilson,29.9,35,26,391,4,,1.83,83.9,7,4,57.1,15,11.2,,1,2.9
2018,77,19867,M. Gallup,26.3,68,33,507,2,,1.6,71.7,17,6,35.3,15.4,7.5,,1,1.5
2018,78,14465,J. Wright,32.5,60,43,447,1,,1.47,86,6,4,66.7,10.4,7.5,,2,3.3
2018,79,16837,C. Conley,29.6,52,32,334,5,,1.67,80,6,3,50,10.4,6.4,,4,7.7
2018,80,19514,K. Cole,29.1,70,38,491,1,,1.27,74.5,16,7,43.8,12.9,7,,7,10
2018,81,18971,T. Taylor,27.3,56,37,466,1,,1.38,82.2,9,4,44.4,12.6,8.3,,3,5.4
2018,82,14865,M. Goodwin,31.6,43,23,395,4,,1.88,76.7,8,4,50,17.2,9.2,,4,9.3
2018,83,16063,Q. Enunwa,30,69,38,449,1,,1.05,79.2,7,1,14.3,11.8,6.5,,3,4.3
2018,84,13227,R. Cobb,31.8,61,38,383,2,,1.61,88.4,6,4,66.7,10.1,6.3,,6,9.8
2018,85,18881,J. Ross,26.5,58,21,210,7,,1.14,65.6,10,4,40,10,3.6,,7,12.1
2018,86,16866,J. Crowder,29,50,29,388,2,,1.24,80.6,3,2,66.7,13.4,7.8,,3,6
2018,87,16790,P. Dorsett II,29.4,42,32,290,3,,1.69,84.2,5,0,0,9.1,6.9,,1,2.4
2018,88,14749,J. Kearse,32.3,76,37,371,1,,1.35,67.3,15,2,13.3,10,4.9,,3,3.9
2018,89,16728,D. Inman,33.4,39,28,304,3,,0.97,80,12,5,41.7,10.9,7.8,,1,2.6
2018,90,18047,D. Robinson,27.7,33,22,288,4,,2.64,81.5,5,1,20,13.1,8.7,,2,6.1
2018,91,16411,R. Grant,31.5,51,35,334,1,,1.3,76.1,9,5,55.6,9.5,6.5,,3,5.9
2018,92,17914,L. Treadwell,27,53,35,302,1,,1.56,76.1,8,4,50,8.6,5.7,,7,13.2
2018,93,18058,T. Sharpe,27.5,47,26,316,2,,1.72,78.8,9,6,66.7,12.2,6.7,,3,6.4
2018,94,13171,A. Robinson,33.5,35,17,231,5,,1.44,81,6,3,50,13.6,6.6,,2,5.7
2018,95,19008,R. Switzer,27.6,44,36,253,1,,1.38,87.8,8,6,75,7,5.8,,3,6.8
2018,96,16550,K. Benjamin,31.3,67,25,380,1,,0.82,58.1,20,4,20,15.2,5.7,,6,9
2018,97,19172,Z. Pascal,27.5,45,27,268,2,,1.54,75,11,3,27.3,9.9,6,,4,8.9
2018,98,19916,D. Hamilton,27.2,45,30,243,2,,1.71,85.7,6,3,50,8.1,5.4,,2,4.4
2018,99,19937,K. Coutee,25.4,41,28,287,1,,2.32,82.4,1,1,100,10.2,7,,2,4.9
2018,100,18269,G. Allison,28.4,30,20,303,2,,2.03,83.3,2,2,100,15.2,10.1,,3,10
2018,101,16787,B. Perriman,28.7,25,16,340,2,,1.6,80,7,3,42.9,21.2,13.6,,0,0
2018,102,15974,J. Matthews,29.9,28,20,300,2,,1.75,90.9,3,2,66.7,15,10.7,,1,3.6
2018,103,16253,A. Hurns,30.6,36,20,295,2,,1,83.3,11,6,54.5,14.8,8.2,,0,0
2018,104,16775,D. Parker,29.4,47,24,309,1,,0.97,68.6,9,2,22.2,12.9,6.6,,1,2.1
2018,105,15509,J. Brown,32.4,20,14,166,5,,2,93.3,4,3,75,11.9,8.3,,0,0
2018,106,18103,J. Grant Sr.,29.6,34,21,268,2,,1.74,84,1,1,100,12.8,7.9,,2,5.9
2018,107,19207,T. Patrick,28.5,41,23,315,1,,1.28,82.1,7,2,28.6,13.7,7.7,,2,4.9
2018,108,16664,B. Ellington,30.8,42,31,224,1,,1.31,81.6,5,1,20,7.2,5.3,,4,9.5
2018,109,18443,M. Harris,29.6,47,28,304,0,,1.45,90.3,2,1,50,10.9,6.5,,2,4.3
2018,110,16694,P. Richardson,30.2,35,20,262,2,,1.74,87,5,1,20,13.1,7.5,,1,2.9
2018,111,6767,P. Garcon,35.8,45,24,286,1,,1.72,66.7,9,5,55.6,11.9,6.4,,3,6.7
2018,112,20398,E. St. Brown,25.7,36,21,328,0,,1.79,80.8,3,1,33.3,15.6,9.1,,0,0
2018,113,19064,T. Taylor,28.1,40,26,215,1,,1.56,78.8,7,3,42.9,8.3,5.4,,3,7.5
2018,114,13693,T. Pryor,33,30,16,252,2,,1.47,80,4,0,0,15.8,8.4,,2,6.7
2018,115,19043,I. McKenzie,27.2,30,18,179,0,,1.27,75,2,0,0,9.9,6,,1,3.3
2018,116,12109,T. Ginn Jr.,37.2,30,17,209,2,,2.22,81,2,1,50,12.3,7,,2,6.7
2018,117,16456,T. Jones,29.9,26,19,190,2,,2.35,86.4,1,1,100,10,7.3,,1,3.8
2018,118,12830,T. Smith,33.4,30,17,190,2,,1.5,77.3,9,3,33.3,11.2,6.3,,1,3.3
2018,119,18030,C. Moore,29,25,19,196,1,,1.7,90.5,3,2,66.7,10.3,7.8,,0,0
2018,120,20081,T. Sherfield,26.3,28,19,210,1,,1.46,86.4,7,5,71.4,11.1,7.5,,1,3.6
2018,121,16146,M. Bryant,30.5,27,19,266,0,,1.24,82.6,6,2,33.3,14,9.9,,2,7.4
2018,122,20071,K. Kirkwood,27.5,21,13,209,2,,1.14,76.5,7,2,28.6,16.1,10,,2,9.5
2018,123,19865,J. Washington,26.2,38,16,217,1,,0.96,66.7,10,4,40,13.6,5.7,,2,5.3
2018,124,17218,D. Carter,29.2,25,22,216,0,,2.04,104.8,2,1,50,9.8,8.6,,0,0
2018,125,16276,B. Fowler,31,27,16,199,1,,2.13,84.2,4,3,75,12.4,7.4,,1,3.7
2018,126,18974,C. Williams,27.6,46,17,171,1,,1.05,65.4,12,3,25,10.1,3.7,,2,4.3
2018,127,14850,R. Shepard,31.7,19,10,188,2,,1.24,83.3,3,3,100,18.8,9.9,,1,5.3
2018,128,13887,T. Benjamin,32.4,24,12,186,1,,1.46,75,4,2,50,15.5,7.8,,4,16.7
2018,129,16868,J. Hardy,30.5,22,14,133,2,,1.77,93.3,1,0,0,9.5,6,,1,4.5
2018,130,11463,B. LaFell,35.6,16,12,135,2,,0.97,85.7,4,3,75,11.2,8.4,,0,0
2018,131,18197,A. Erickson,29.6,29,20,167,0,,1.22,83.3,6,4,66.7,8.3,5.8,,1,3.4
2018,132,19811,M. Ateman,27.7,31,15,154,1,,0.68,68.2,11,5,45.5,10.3,5,,3,9.7
2018,133,16278,C. Latimer,29.7,16,11,190,1,,1.38,91.7,8,7,87.5,17.3,11.9,,0,0
2018,134,18116,C. Core,28.1,28,13,160,1,,1.27,68.4,7,2,28.6,12.3,5.7,,3,10.7
2018,135,13856,D. Thompson,33.3,30,17,161,0,,1.15,65.4,7,5,71.4,9.5,5.4,,3,10
2018,136,13264,A. Holmes,34,25,14,181,0,,0.96,73.7,2,0,0,12.9,7.2,,3,12
2018,137,14795,J. Bellamy,33.1,26,14,117,1,,1.44,73.7,7,3,42.9,8.4,4.5,,1,3.8
2018,138,18717,M. Hall,29.2,19,10,149,1,,1.47,58.8,7,0,0,14.9,7.8,,1,5.3
2018,139,19276,A. Carr,28.5,14,9,97,2,,1.57,100,2,1,50,10.8,6.9,,0,0
2018,140,11667,B. Marshall,38.2,23,11,136,1,,0.74,64.7,5,5,100,12.4,5.9,,3,13
2018,141,19816,D. Chark Jr.,25.7,32,14,174,0,,1.09,53.8,11,3,27.3,12.4,5.4,,5,15.6
2018,142,19969,D. Ratley,27.1,20,13,144,0,,2.8,81.2,4,1,25,11.1,7.2,,3,15
2018,143,14478,M. Floyd,32.5,24,10,100,1,,0.96,52.6,9,4,44.4,10,4.2,,1,4.2
2018,144,20077,R. James,26.8,14,9,130,1,,1.32,81.8,1,0,0,14.4,9.3,,1,7.1
2018,145,18508,A. Jones,27.9,24,11,80,1,,1.38,68.8,2,0,0,7.3,3.3,,2,8.3
2018,146,17167,C. Meredith,29.7,10,9,114,1,,1.65,100,0,0,,12.7,11.4,,0,0
2018,147,17289,J. Kumerow,30.3,11,8,103,1,,2.36,100,0,0,,12.9,9.4,,0,0
2018,148,20373,D. Burnett,24.7,15,10,143,0,,0.73,83.3,3,1,33.3,14.3,9.5,,0,0
2018,149,20487,B. Powell,26.7,17,11,129,0,,1.18,73.3,1,0,0,11.7,7.6,,3,17.6
2018,150,11565,A. Roberts,34.4,18,10,79,1,,1.22,71.4,4,1,25,7.9,4.4,,2,11.1
2018,151,20079,T. Quinn,26.5,10,9,75,1,,3,100,2,2,100,8.3,7.5,,0,0
2018,152,17070,D. Jennings,29.9,15,11,101,0,,0.93,78.6,3,2,66.7,9.2,6.7,,1,6.7
2018,153,18209,M. Johnson,27.8,8,6,102,1,,4.12,75,0,0,,17,12.8,,1,12.5
2018,154,20295,V. Smith,26,10,5,91,1,,1.1,62.5,4,2,50,18.2,9.1,,1,10
2018,155,17480,E. Rogers,29.5,14,12,79,0,,1.43,100,4,4,100,6.6,5.6,,0,0
2018,156,18014,L. Carroo,28.4,4,2,94,1,,0.25,66.7,2,1,50,47,23.5,,0,0
2018,157,15066,B. Butler,32.4,10,6,60,1,,1,75,2,1,50,10,6,,0,0
2018,158,20372,C. Batson,26.5,11,8,82,0,,1.18,100,1,1,100,10.2,7.5,,0,0
2018,159,18401,T. Lewis,29.6,3,3,60,1,,1,100,0,0,,20,20,,0,0
2018,160,16919,J. Nelson,30.1,19,7,64,0,,0.68,63.6,2,0,0,9.1,3.4,,0,0
2018,161,16768,K. White,29,8,4,92,0,,1,80,4,1,25,23,11.5,,0,0
2018,162,17938,C. Coleman,27.9,8,5,71,0,,1,71.4,2,2,100,14.2,8.9,,1,12.5
2018,163,16305,D. Thomas,29.4,5,3,29,1,,0.6,100,1,0,0,9.7,5.8,,0,0
2018,164,20006,R. Gage,26.4,10,6,63,0,,2.45,66.7,2,0,0,10.5,6.3,,2,20
2018,165,12722,K. Aiken,33,7,6,53,0,,1.07,100,3,2,66.7,8.8,7.6,,0,0
2018,166,13117,D. Harris,34.7,6,6,40,0,,1,100,0,0,,6.7,6.7,,0,0
2018,167,19080,N. Brown,26.4,8,5,54,0,,1.94,71.4,1,0,0,10.8,6.8,,0,0
2018,168,16899,R. Greene,29.7,8,6,60,0,,1.12,85.7,3,2,66.7,10,7.5,,0,0
2018,169,19348,J. Wilson,27.4,5,4,52,0,,2.6,100,0,0,,13,10.4,,0,0
2018,170,20477,D. Willies,27.6,5,3,61,0,,2.4,100,0,0,,20.3,12.2,,0,0
2018,171,20170,J. Davis,27.2,8,4,40,0,,0.69,100,1,0,0,10,5,,0,0
2018,172,20582,C. Beebe,28,4,4,39,0,,2.25,100,0,0,,9.8,9.8,,0,0
2018,173,20057,A. Tate,25.3,12,4,35,0,,0.62,44.4,6,1,16.7,8.8,2.9,,1,8.3
2018,174,13788,R. Matthews,32.7,9,5,24,0,,0.67,71.4,2,1,50,4.8,2.7,,1,11.1
2018,175,20011,J. Wims,27.7,5,4,32,0,,0.6,100,0,0,,8,6.4,,0,0
2018,176,19961,R. McCloud,25.6,6,5,36,0,,,,,,,7.2,6,,0,0
2018,177,20462,J. Tolliver,26.4,6,3,37,0,,0.67,100,2,1,50,12.3,6.2,,0,0
2018,178,19060,S. Gibson,27.2,3,1,48,0,,0,100,2,1,50,48,16,,0,0
2018,179,14978,J. Hunter,31.1,13,3,21,0,,1.88,60,2,0,0,7,1.6,,1,7.7
2018,180,14424,B. Quick,33,3,3,18,0,,0.67,100,2,2,100,6,6,,0,0
2018,181,18157,C. Peake,29.6,3,2,25,0,,2,66.7,0,0,,12.5,8.3,,1,33.3
2018,182,20684,M. Turner,26.4,3,2,20,0,,1.17,100,0,0,,10,6.7,,0,0
2018,183,15088,T. Williams,32.7,3,2,18,0,,2,100,0,0,,9,6,,0,0
2018,184,15268,N. Williams,31.5,4,2,17,0,,1.12,66.7,1,0,0,8.5,4.2,,1,25
2018,185,20679,K. Hodge,27.4,3,2,17,0,,1,66.7,0,0,,8.5,5.7,,0,0
2018,186,19755,R. Cracraft,27.6,2,1,44,0,,0,50,1,1,100,44,22,,1,50
2018,187,19779,B. Zylstra,29.2,2,1,23,0,,0.5,100,0,0,,23,11.5,,0,0
2018,188,19358,G. Dieter,29.3,3,1,22,0,,2,50,1,0,0,22,7.3,,0,0
2018,189,12794,J. Kerley,33.6,4,2,7,0,,4,50,1,0,0,3.5,1.8,,1,25
2018,190,19212,T. White,27.9,1,1,14,0,,0,100,1,1,100,14,14,,0,0
2018,191,16848,S. Coates,29.2,2,1,12,0,,0,100,0,0,,12,6,,0,0
2018,192,19006,J. Malone,26.2,5,1,12,0,,0.6,33.3,2,0,0,12,2.4,,0,0
2018,193,19317,V. Bolden,27.2,4,1,10,0,,1,50,1,1,100,10,2.5,,0,0
2018,194,20599,C. Phillips,26.5,1,1,9,0,,2,100,0,0,,9,9,,0,0
2018,195,17141,D. Byrd,29.4,2,1,8,0,,1,100,0,0,,8,4,,0,0
2018,196,19306,K. Hatcher,27.7,2,1,8,0,,0,50,1,0,0,8,4,,0,0
2018,197,20478,D. Kidsy,27.2,2,1,8,0,,2,100,0,0,,8,4,,0,0
2018,198,19044,J. Agnew,27.2,0,0,0,0,,,,0,0,,,,,0,
2018,199,19361,M. Kemp,26.8,2,1,7,0,,0,,1,0,0,7,3.5,,0,0
2018,200,20145,A. Lazard,26.5,1,1,7,0,,3,100,0,0,,7,7,,0,0
2018,201,19922,J. Watson,27.2,3,1,5,0,,0.67,50,1,0,0,5,1.7,,0,0
2018,202,19935,J. Moore,27,3,2,15,0,,2.33,100,0,0,,7.5,5,,0,0
2018,203,19015,J. Chesson,29.4,2,1,7,0,,1,50,1,0,0,7,3.5,,0,0
2018,204,8771,D. Heyward-Bey,35.3,2,1,9,0,,1,100,1,0,0,9,4.5,,0,0
2018,205,8373,B. Tate,34.7,0,0,0,0,,,,0,0,,,,,0,
2018,206,8529,M. Wallace,35.9,3,0,0,0,,0.17,,2,0,0,,0,,0,0
2018,207,16529,F. Martino,30.8,1,0,0,0,,0,,0,0,,,0,,0,0
2018,208,16946,G. Davis,30.4,1,0,0,0,,0,,0,0,,,0,,0,0
2018,209,18039,P. Cooper,27.3,1,0,0,0,,4,0,0,0,,,0,,1,100
2018,210,18080,T. Davis,28.9,0,0,0,0,,,,0,0,,,,,0,
2018,211,18241,J. Holton,30.8,1,0,0,0,,0,0,1,0,0,,0,,0,0
2018,212,18673,J. Mickens,28.1,0,0,0,0,,,,0,0,,,,,0,
2018,213,19098,I. Ford,26.3,1,0,0,0,,0,,0,0,,,0,,0,0
2018,214,19100,S. Coley,28.1,1,0,0,0,,5,0,0,0,,,0,,1,100
2018,215,19668,L. Lenoir,27.3,0,0,0,0,,,,0,0,,,,,0,
2018,216,20117,D. Scott,26.8,0,0,0,0,,,,0,0,,,,,0,
2018,217,20341,Q. Henderson,25.7,0,0,0,0,,,,0,0,,,,,0,
2018,218,20511,C. Lacy,26.4,1,0,0,0,,0,,0,0,,,0,,0,0
2018,219,20585,J. Grant,28.5,0,0,0,0,,,,0,0,,,,,0,
2018,220,20310,J. Jones,29.5,1,1,3,0,,0,,0,0,,3,3,,0,0
2018,221,14111,R. Streater,34.3,0,0,0,0,,,,0,0,,,,,0,
2018,222,16944,K. Clay,30.4,0,0,0,0,,,,0,0,,,,,0,
2018,223,19184,J. Natson,28.3,0,0,0,0,,,,0,0,,,,,0,
2018,224,19504,R. McCarron,29,1,0,0,0,,0,0,1,0,0,,0,,0,0
2017,1,14986,D. Hopkins,30,174,96,1378,13,,0.96,78.7,52,23,44.2,14.4,7.9,,6,3.4
2017,2,11056,A. Brown,33.9,162,101,1533,9,,1.67,84.9,31,20,64.5,15.2,9.5,,5,3.1
2017,3,15076,K. Allen,30.1,159,102,1393,6,,1.39,84.3,24,10,41.7,13.7,8.8,,12,7.5
2017,4,16020,J. Landry,29.5,161,112,987,9,,1.42,86.2,23,9,39.1,8.8,6.1,,8,5
2017,5,5571,L. Fitzgerald,38.8,161,109,1156,6,,1.52,85.8,22,13,59.1,10.6,7.2,,4,2.5
2017,6,17960,M. Thomas,29.3,149,104,1245,5,,1.52,88.1,23,13,56.5,12,8.4,,8,5.4
2017,7,13291,J. Jones,33.3,148,88,1444,3,,1.63,78.6,32,17,53.1,16.4,9.8,,7,4.7
2017,8,18082,T. Hill,28.3,105,75,1183,7,,2.04,87.2,28,18,64.3,15.8,11.3,,4,3.8
2017,9,15534,A. Thielen,31.8,143,91,1276,4,,1.47,81.2,21,12,57.1,14,8.9,,6,4.2
2017,10,12845,A. Green,33.9,143,75,1078,8,,1.36,74.3,36,15,41.7,14.4,7.5,,5,3.5
2017,11,13870,M. Jones Jr.,32.2,107,61,1101,9,,1.53,71.8,11,5,45.5,18,10.3,,4,3.7
2017,12,11611,G. Tate,33.9,120,92,1003,5,,1.86,87.6,3,0,0,10.9,8.4,,4,3.3
2017,13,16470,D. Adams,29.5,118,74,885,10,,1.8,86,20,13,65,12,7.5,,8,6.8
2017,14,13460,D. Baldwin,33.7,116,75,991,8,,1.94,84.3,17,7,41.2,13.2,8.5,,5,4.3
2017,15,16568,B. Cooks,28.7,114,65,1082,7,,1.55,72.2,15,2,13.3,16.6,9.5,,6,5.3
2017,16,11197,D. Thomas,34.5,140,83,949,5,,1.41,84.7,31,20,64.5,11.4,6.8,,10,7.1
2017,17,16597,M. Evans,28.8,136,71,1001,5,,1.01,72.4,48,26,54.2,14.1,7.4,,9,6.6
2017,18,18187,R. Anderson,29.1,114,63,941,7,,1.88,75,31,13,41.9,14.9,8.3,,7,6.1
2017,19,16906,S. Diggs,28.5,95,64,849,8,,1.55,83.1,18,15,83.3,13.3,8.9,,5,5.3
2017,20,16802,D. Funchess,28.1,112,63,840,8,,1.42,75.9,33,17,51.5,13.3,7.5,,5,4.5
2017,21,16781,N. Agholor,29,95,62,768,8,,1.07,81.6,14,6,42.9,12.4,8.1,,7,7.4
2017,22,18883,J. Smith-Schuster,25.5,79,58,917,7,,1.61,87.9,19,14,73.7,15.8,11.6,,2,2.5
2017,23,14187,A. Jeffery,32.3,120,57,789,9,,0.92,70.4,32,14,43.8,13.8,6.6,,8,6.7
2017,24,11270,D. Bryant,33.6,131,69,838,6,,1.17,71.1,32,15,46.9,12.1,6.4,,9,6.9
2017,25,18882,C. Kupp,29,94,62,869,5,,1.85,83.8,8,4,50,14,9.2,,6,6.4
2017,26,14749,J. Kearse,32.3,102,65,810,5,,1.66,83.3,32,18,56.2,12.5,7.9,,2,2
2017,27,14005,T. Hilton,32.6,109,57,966,4,,1.74,78.1,24,10,41.7,16.9,8.9,,11,10.1
2017,28,15196,K. Stills,30.1,105,58,847,6,,1.45,85.3,16,7,43.8,14.6,8.1,,4,3.8
2017,29,13878,M. Sanu Sr.,32.8,96,67,703,5,,1.64,80.7,20,13,65,10.5,7.3,,6,6.2
2017,30,14865,M. Goodwin,31.6,105,56,962,2,,1.22,78.9,22,13,59.1,17.2,9.2,,6,5.7
2017,31,9331,M. Crabtree,34.7,101,58,618,8,,1.03,69.9,29,13,44.8,10.7,6.1,,6,5.9
2017,32,14871,R. Woods,30.2,85,56,781,5,,1.45,88.9,10,4,40,13.9,9.2,,1,1.2
2017,33,12109,T. Ginn Jr.,37.2,70,53,787,4,,2.27,88.3,10,5,50,14.8,11.2,,2,2.9
2017,34,16765,A. Cooper,28,96,48,680,7,,1.49,73.8,9,2,22.2,14.2,7.1,,10,10.4
2017,35,16866,J. Crowder,29,103,66,789,3,,2.07,78.6,11,4,36.4,12,7.7,,12,11.7
2017,36,13227,R. Cobb,31.8,92,66,653,4,,2.03,86.8,9,4,44.4,9.9,7.1,,2,2.2
2017,37,13788,R. Matthews,32.7,87,53,795,4,,1.66,80.3,13,7,53.8,15,9.1,,5,5.7
2017,38,8529,M. Wallace,35.9,92,52,748,4,,1.3,72.2,18,6,33.3,14.4,8.1,,4,4.3
2017,39,16694,P. Richardson,30.2,80,44,703,6,,1.27,72.1,13,6,46.2,16,8.8,,8,10
2017,40,16003,S. Watkins,29,70,39,593,8,,1.38,86.7,10,6,60,15.2,8.5,,3,4.3
2017,41,16258,M. Lee,30.5,96,56,702,3,,1.61,77.8,26,14,53.8,12.5,7.3,,12,12.5
2017,42,17961,S. Shepard,29.3,84,59,731,2,,1.49,83.1,9,4,44.4,12.4,8.7,,7,8.3
2017,43,9906,D. Amendola,36.6,86,61,659,2,,1.31,87.1,6,3,50,10.8,7.7,,3,3.5
2017,44,3943,D. Jackson,35.5,90,50,668,3,,1.94,89.3,12,5,41.7,13.4,7.4,,3,3.3
2017,45,17048,T. Williams,30.3,69,43,728,4,,2.04,76.8,14,3,21.4,16.9,10.6,,6,8.7
2017,46,4556,J. Nelson,37,88,53,482,6,,1.85,85.5,10,2,20,9.1,5.5,,2,2.3
2017,47,16550,K. Benjamin,31.3,78,48,692,3,,1.17,71.6,25,11,44,14.4,8.9,,6,7.7
2017,48,19514,K. Cole,29.1,83,42,748,3,,1.33,72.4,16,6,37.5,17.8,9,,7,8.4
2017,49,16146,M. Bryant,30.5,84,50,603,3,,1.65,83.3,13,7,53.8,12.1,7.2,,5,6
2017,50,16775,D. Parker,29.4,96,57,670,1,,1.05,77,22,13,59.1,11.8,7,,3,3.1
2017,51,17290,A. Humphries,29,83,61,631,1,,2.17,93.8,15,10,66.7,10.3,7.6,,5,6
2017,52,13957,K. Wright,32.6,91,59,614,1,,1.62,84.3,17,13,76.5,10.4,6.7,,5,5.5
2017,53,16411,R. Grant,31.5,65,45,573,4,,1.93,88.2,9,7,77.8,12.7,8.8,,2,3.1
2017,54,11463,B. LaFell,35.6,89,52,548,3,,1.63,86.7,12,4,33.3,10.5,6.2,,4,4.5
2017,55,13887,T. Benjamin,32.4,65,34,567,4,,1.08,81,10,3,30,16.7,8.7,,5,7.7
2017,56,17939,J. Doctson,29.5,78,35,502,6,,1.1,62.5,28,12,42.9,14.3,6.4,,5,6.4
2017,57,16830,T. Lockett,29.7,71,45,555,2,,1.89,84.9,10,4,40,12.3,7.8,,1,1.4
2017,58,11182,E. Decker,35.2,83,54,563,1,,1.53,85.7,15,8,53.3,10.4,6.8,,8,9.6
2017,59,16308,A. Wilson,29.9,62,42,554,3,,1.84,82.4,29,21,72.4,13.2,8.9,,6,9.7
2017,60,11063,E. Sanders,35.2,92,47,555,2,,1.25,68.1,22,3,13.6,11.8,6,,9,9.8
2017,61,17916,W. Fuller V,28.1,50,28,423,7,,1.28,73.7,14,5,35.7,15.1,8.5,,3,6
2017,62,15088,T. Williams,32.7,78,53,568,0,,1.71,84.1,12,7,58.3,10.7,7.3,,5,6.4
2017,63,14828,C. Hogan,34.6,59,34,439,5,,1.36,69.4,11,1,9.1,12.9,7.4,,3,5.1
2017,64,13856,D. Thompson,33.3,68,38,555,2,,1.46,73.1,18,9,50,14.6,8.2,,3,4.4
2017,65,15509,J. Brown,32.4,69,31,477,4,,1.17,68.9,13,7,53.8,15.4,6.9,,3,4.3
2017,66,8914,J. Maclin,34.1,72,40,440,3,,1.22,83.3,15,6,40,11,6.1,,4,5.6
2017,67,16253,A. Hurns,30.6,56,39,484,2,,1.71,88.6,13,10,76.9,12.4,8.6,,2,3.6
2017,68,19064,T. Taylor,28.1,60,43,430,2,,1.58,86,7,6,85.7,10,7.2,,6,10
2017,69,18977,K. Golladay,28.6,48,28,477,3,,1.38,71.8,6,2,33.3,17,9.9,,3,6.2
2017,70,16919,J. Nelson,30.1,61,29,508,2,,1.26,72.5,13,4,30.8,17.5,8.3,,6,9.8
2017,71,18880,C. Godwin,26.3,55,34,525,1,,1.36,91.9,13,8,61.5,15.4,9.5,,2,3.6
2017,72,14141,C. Beasley,33.1,63,36,314,4,,1.44,75,7,5,71.4,8.7,5,,3,4.8
2017,73,12830,T. Smith,33.4,68,36,430,2,,1.16,78.3,12,5,41.7,11.9,6.3,,5,7.4
2017,74,16326,S. Roberts,31.3,65,43,455,1,,1.46,76.8,15,6,40,10.6,7,,5,7.7
2017,75,6767,P. Garcon,35.8,67,40,500,0,,1.39,87,9,7,77.8,12.5,7.5,,1,1.5
2017,76,18285,R. Lewis,28.5,72,36,416,2,,1.26,75,13,6,46.2,11.6,5.8,,2,2.8
2017,77,16276,B. Fowler,31,56,29,350,3,,1.41,70.7,18,10,55.6,12.1,6.2,,6,10.7
2017,78,16129,T. Gabriel,31.3,51,33,378,1,,1.69,86.8,9,4,44.4,11.5,7.4,,3,5.9
2017,79,16232,D. Moncrief,28.8,47,26,391,2,,1.09,83.9,10,9,90,15,8.3,,4,8.5
2017,80,16456,T. Jones,29.9,49,30,399,1,,2.08,78.9,3,2,66.7,13.3,8.1,,2,4.1
2017,81,16664,B. Ellington,30.8,56,29,330,2,,1.36,80.6,16,8,50,11.4,5.9,,3,5.4
2017,82,16389,O. Beckham Jr.,29.6,41,25,302,3,,1.68,78.1,7,3,42.9,12.1,7.4,,5,12.2
2017,83,16567,B. Coleman,30,37,23,364,3,,2.05,85.2,2,0,0,15.8,9.8,,1,2.7
2017,84,18926,Z. Jones,27.2,74,27,316,2,,1.24,57.4,24,4,16.7,11.7,4.3,,7,9.5
2017,85,16640,J. Brown,32.2,55,21,299,3,,0.93,70,8,1,12.5,14.2,5.4,,3,5.5
2017,86,18879,C. Davis,27.4,65,34,375,0,,1.12,89.5,6,1,16.7,11,5.8,,3,4.6
2017,87,18089,R. Higgins,27.7,50,27,312,2,,1.78,79.4,10,5,50,11.6,6.2,,7,14
2017,88,14795,J. Bellamy,33.1,46,24,376,1,,1.72,68.6,14,4,28.6,15.7,8.2,,4,8.7
2017,89,18992,D. Westbrook,28.5,51,27,339,1,,1.65,79.4,10,6,60,12.6,6.6,,5,9.8
2017,90,18030,C. Moore,29,38,18,248,3,,1.18,81.8,8,3,37.5,13.8,6.5,,2,5.3
2017,91,17938,C. Coleman,27.9,57,23,305,2,,1.21,71.9,16,7,43.8,13.3,5.4,,5,8.8
2017,92,16728,D. Inman,33.4,44,25,343,1,,0.92,65.8,20,12,60,13.7,7.8,,4,9.1
2017,93,15066,B. Butler,32.4,23,15,317,3,,1.37,78.9,5,3,60,21.1,13.8,,1,4.3
2017,94,18036,R. Louis,28.2,61,27,357,0,,1.42,77.1,13,7,53.8,13.2,5.9,,7,11.5
2017,95,15038,T. King,31.9,37,18,240,3,,0.91,75,5,3,60,13.3,6.5,,3,8.1
2017,96,16868,J. Hardy,30.5,29,20,221,3,,1.55,87,6,6,100,11.1,7.6,,2,6.9
2017,97,16278,C. Latimer,29.7,31,19,287,2,,1.52,76,9,4,44.4,15.1,9.3,,2,6.5
2017,98,18361,C. Rogers,28.4,37,23,284,1,,2.3,82.1,10,5,50,12.3,7.7,,3,8.1
2017,99,8532,K. Britt,33.7,43,20,256,2,,1.35,69,12,5,41.7,12.8,6,,8,18.6
2017,100,14587,J. Gordon,31.2,43,18,335,1,,1.23,62.1,16,8,50,18.6,7.8,,3,7
2017,101,15974,J. Matthews,29.9,36,25,282,1,,1.19,80.6,7,4,57.1,11.3,7.8,,3,8.3
2017,102,13171,A. Robinson,33.5,48,19,260,2,,0.92,67.9,8,3,37.5,13.7,5.4,,5,10.4
2017,103,17986,T. Boyd,27.6,32,22,225,2,,1.91,84.6,1,1,100,10.2,7,,4,12.5
2017,104,13693,T. Pryor,33,37,20,240,1,,1.36,74.1,4,1,25,12,6.5,,3,8.1
2017,105,14465,J. Wright,32.5,25,18,198,2,,1.48,94.7,2,2,100,11,7.9,,0,0
2017,106,18971,T. Taylor,27.3,28,16,231,1,,0.79,106.7,2,0,0,14.4,8.2,,0,0
2017,107,12794,J. Kerley,33.6,27,22,217,1,,1.96,91.7,7,5,71.4,9.9,8,,0,0
2017,108,16081,M. Campanaro,31.4,27,19,173,1,,1.85,95,1,1,100,9.1,6.4,,2,7.4
2017,109,18103,J. Grant Sr.,29.6,22,13,203,2,,1.57,86.7,4,3,75,15.6,9.2,,1,4.5
2017,110,18269,G. Allison,28.4,39,23,253,0,,2.54,82.1,2,2,100,11,6.5,,4,10.3
2017,111,14850,R. Shepard,31.7,33,17,202,1,,1.88,73.9,4,0,0,11.9,6.1,,3,9.1
2017,112,18241,J. Holton,30.8,18,9,218,3,,0.78,64.3,8,5,62.5,24.2,12.1,,0,0
2017,113,19023,M. Hollins,28.7,22,16,226,1,,1.86,88.9,0,0,,14.1,10.3,,2,9.1
2017,114,13264,A. Holmes,34,23,13,120,3,,1.09,76.5,7,3,42.9,9.2,5.2,,2,8.7
2017,115,18047,D. Robinson,27.7,39,21,212,0,,1.87,75,14,7,50,10.1,5.4,,2,5.1
2017,116,19318,K. Bourne,26.8,34,16,257,0,,1.26,88.9,8,1,12.5,16.1,7.6,,1,2.9
2017,117,17964,B. Miller,29.5,29,19,162,1,,1.17,90.5,3,1,33.3,8.5,5.6,,1,3.4
2017,118,16305,D. Thomas,29.4,16,14,143,2,,1.44,100,2,1,50,10.2,8.9,,0,0
2017,119,17914,L. Treadwell,27,35,20,200,0,,1.07,83.3,6,4,66.7,10,5.7,,2,5.7
2017,120,17480,E. Rogers,29.5,36,18,149,1,,1.67,69.2,4,2,50,8.3,4.1,,4,11.1
2017,121,18197,A. Erickson,29.6,16,12,180,1,,1.22,109.1,3,2,66.7,15,11.2,,0,0
2017,122,17141,D. Byrd,29.4,17,10,105,2,,0.68,83.3,5,3,60,10.5,6.2,,1,5.9
2017,123,11667,B. Marshall,38.2,33,18,154,0,,1.48,75,6,1,16.7,8.6,4.7,,2,6.1
2017,124,18928,C. Samuel,25.8,26,15,115,0,,1.42,75,4,1,25,7.7,4.4,,2,7.7
2017,125,16790,P. Dorsett II,29.4,18,12,194,0,,1,75,2,0,0,16.2,10.8,,1,5.6
2017,126,16837,C. Conley,29.6,16,11,175,0,,1.25,91.7,3,1,33.3,15.9,10.9,,0,0
2017,127,12722,K. Aiken,33,44,15,133,0,,0.8,60,7,3,42.9,8.9,3,,5,11.4
2017,128,19017,J. Reynolds,27.3,24,11,104,1,,0.92,84.6,4,2,50,9.5,4.3,,0,0
2017,129,17153,J. Taylor,30.3,20,13,142,0,,0.7,92.9,9,7,77.8,10.9,7.1,,1,5
2017,130,18401,T. Lewis,29.6,15,10,116,1,,1.07,100,1,1,100,11.6,7.7,,0,0
2017,131,8777,L. Murphy,35.1,17,8,121,1,,1.12,88.9,2,2,100,15.1,7.1,,1,5.9
2017,132,18673,J. Mickens,28.1,11,6,77,2,,1.82,66.7,2,0,0,12.8,7,,1,9.1
2017,133,17004,T. McBride,29.5,15,8,144,0,,2,80,2,0,0,18,9.6,,0,0
2017,134,15714,B. Bersin,32.1,14,8,128,0,,0.86,80,7,4,57.1,16,9.1,,1,7.1
2017,135,18914,M. Williams,27.7,23,11,95,0,,0.74,68.8,6,3,50,8.6,4.1,,4,17.4
2017,136,8373,B. Tate,34.7,14,6,81,1,,0.79,60,2,0,0,13.5,5.8,,1,7.1
2017,137,19006,J. Malone,26.2,17,6,63,1,,1.29,100,0,0,,10.5,3.7,,0,0
2017,138,19021,C. Hansen,27.4,16,9,94,0,,1.56,90,3,3,100,10.4,5.9,,0,0
2017,139,19539,T. Rudolph,26.7,21,8,101,0,,1.52,88.9,4,2,50,12.6,4.8,,0,0
2017,140,18039,P. Cooper,27.3,19,11,84,0,,1.24,91.7,2,1,50,7.6,4.4,,1,5.3
2017,141,14478,M. Floyd,32.5,17,10,78,0,,1.47,90.9,0,0,,7.8,4.6,,1,5.9
2017,142,16787,B. Perriman,28.7,35,10,77,0,,0.8,50,9,1,11.1,7.7,2.2,,6,17.1
2017,143,17079,K. Williams,30.1,18,9,84,0,,1.56,75,4,2,50,9.3,4.7,,2,11.1
2017,144,18965,A. Stewart,28.5,13,6,82,0,,0.85,150,1,1,100,13.7,6.3,,0,0
2017,145,18283,H. Sharp,28.1,9,5,54,1,,2.11,62.5,1,0,0,10.8,6,,3,33.3
2017,146,18443,M. Harris,29.6,6,4,62,1,,0.67,80,3,2,66.7,15.5,10.3,,0,0
2017,147,8771,D. Heyward-Bey,35.3,3,2,47,0,,2.33,66.7,0,0,,23.5,15.7,,1,33.3
2017,148,16141,W. Snead IV,29.6,16,8,92,0,,0.81,88.9,2,2,100,11.5,5.8,,0,0
2017,149,16944,K. Clay,30.4,20,6,85,0,,1.02,54.5,7,1,14.3,14.2,4.2,,2,10
2017,150,18985,A. Darboh,28.3,13,8,71,0,,1.15,80,1,0,0,8.9,5.5,,0,0
2017,151,16529,F. Martino,30.8,6,5,96,0,,1.33,100,3,3,100,19.2,16,,0,0
2017,152,8662,M. Thomas,35,7,5,93,0,,0.86,100,2,1,50,18.6,13.3,,0,0
2017,153,18717,M. Hall,29.2,9,2,60,1,,0.89,40,3,0,0,30,6.7,,3,33.3
2017,154,18014,L. Carroo,28.4,14,7,69,0,,1.71,87.5,0,0,,9.9,4.9,,1,7.1
2017,155,14424,B. Quick,33,8,6,76,0,,0.88,85.7,1,0,0,12.7,9.5,,0,0
2017,156,18080,T. Davis,28.9,7,5,70,0,,2.29,100,0,0,,14,10,,0,0
2017,157,18602,T. McEvoy,29.4,10,5,113,0,,0.9,71.4,3,2,66.7,22.6,11.3,,2,20
2017,158,16848,S. Coates,29.2,11,6,70,0,,0.64,66.7,5,1,20,11.7,6.4,,1,9.1
2017,159,16831,J. Strong,29.6,4,3,38,1,,2.25,75,1,0,0,12.7,9.5,,0,0
2017,160,14978,J. Hunter,31.1,10,4,23,1,,0.6,66.7,2,1,50,5.8,2.3,,1,10
2017,161,15725,B. Golden,33.9,9,5,70,0,,1.56,83.3,0,0,,14,7.8,,1,11.1
2017,162,18611,B. Treggs,28.1,18,5,79,0,,0.67,62.5,5,1,20,15.8,4.4,,0,0
2017,163,19348,J. Wilson,27.4,1,1,18,1,,0,,0,0,,18,18,,0,0
2017,164,18209,M. Johnson,27.8,8,5,45,0,,0.38,83.3,1,0,0,9,5.6,,1,12.5
2017,165,18974,C. Williams,27.6,7,3,31,0,,0.86,75,1,1,100,10.3,4.4,,0,0
2017,166,19008,R. Switzer,27.6,7,6,41,0,,1.43,85.7,0,0,,6.8,5.9,,1,14.3
2017,167,14973,M. Wheaton,31.3,17,3,51,0,,1.41,42.9,2,0,0,17,3,,0,0
2017,168,19233,M. Clark,26.6,14,4,41,0,,0.93,44.4,2,0,0,10.2,2.9,,0,0
2017,169,16469,J. Abbrederis,31.5,7,3,44,0,,1.43,75,0,0,,14.7,6.3,,0,0
2017,170,19080,N. Brown,26.4,9,4,33,0,,0.56,57.1,3,0,0,8.2,3.7,,1,11.1
2017,171,17355,Q. Bray,29.1,4,3,39,0,,1.75,100,1,1,100,13,9.8,,0,0
2017,172,19431,T. Gentry,27.5,6,3,35,0,,1,75,3,2,66.7,11.7,5.8,,1,16.7
2017,173,14594,G. Whalen,32.3,6,4,23,0,,1,100,1,1,100,5.8,3.8,,0,0
2017,174,15268,N. Williams,31.5,4,3,30,0,,0.5,75,0,0,,10,7.5,,1,25
2017,175,16536,B. Reedy,30.4,2,2,21,0,,2.5,100,0,0,,10.5,10.5,,0,0
2017,176,16731,C. Matthews,32.7,6,3,25,0,,1.17,75,1,0,0,8.3,4.2,,0,0
2017,177,19184,J. Natson,28.3,5,2,18,0,,0,50,0,0,,9,3.6,,1,20
2017,178,19044,J. Agnew,27.2,2,2,18,0,,0,200,0,0,,9,9,,0,0
2017,179,19015,J. Chesson,29.4,4,2,18,0,,3.75,50,1,0,0,9,4.5,,2,50
2017,180,17799,J. Leslie,30.6,1,1,26,0,,0,100,1,1,100,26,26,,0,0
2017,181,17269,D. White,30.6,7,1,24,0,,1.71,33.3,0,0,,24,3.4,,1,14.3
2017,182,18581,D. Powe,28.2,4,2,13,0,,3,100,0,0,,6.5,3.2,,0,0
2017,183,19043,I. McKenzie,27.2,13,4,29,0,,0.85,66.7,5,1,20,7.2,2.2,,1,7.7
2017,184,16480,J. Janis,31,5,2,12,0,,1,66.7,0,0,,6,2.4,,0,0
2017,185,19060,S. Gibson,27.2,3,2,11,0,,1,66.7,0,0,,5.5,3.7,,0,0
2017,186,16263,A. Robinson II,28.8,1,1,17,0,,1,100,0,0,,17,17,,0,0
2017,187,16768,K. White,29,4,2,6,0,,0,50,1,0,0,3,1.5,,1,25
2017,188,11501,A. Benn,33.7,2,1,12,0,,0.5,50,1,0,0,12,6,,1,50
2017,189,6211,H. Douglas,36.7,3,1,8,0,,0,50,1,0,0,8,2.7,,0,0
2017,190,14920,C. Hamilton,31.6,6,1,8,0,,0.67,33.3,2,0,0,8,1.3,,0,0
2017,191,3601,E. Weems,36.9,2,1,5,0,,0.5,50,1,0,0,5,2.5,,0,0
2017,192,17237,L. Pinkard,30.3,1,1,5,0,,1,100,0,0,,5,5,,0,0
2017,193,18660,M. McCaffrey,28.1,1,1,4,0,,0,100,0,0,,4,4,,0,0
2017,194,18157,C. Peake,29.6,1,1,3,0,,1,100,0,0,,3,3,,0,0
2017,195,16012,M. Hazel,30.4,1,1,1,0,,0,100,1,1,100,1,1,,0,0
2017,196,11565,A. Roberts,34.4,4,1,12,0,,1.75,50,0,0,,12,3,,1,25
2017,197,18422,K. Raymond,27.8,1,1,12,0,,3,100,0,0,,12,12,,0,0
2017,198,13117,D. Harris,34.7,0,0,0,0,,,,0,0,,,,,0,
2017,199,18116,C. Core,28.1,4,0,0,0,,3.75,0,0,0,,,0,,0,0
2017,200,18221,R. Scott,30.4,0,0,0,0,,,,0,0,,,,,0,
2017,201,18506,E. Eagan,29,1,0,0,0,,0,0,0,0,,,0,,1,100
2017,202,18654,K. Brent,28.8,1,0,0,0,,0,0,1,0,0,,0,,1,100
2017,203,18711,M. Bundy,27.8,3,0,0,0,,0.67,0,1,0,0,,0,,0,0
2017,204,19100,S. Coley,28.1,1,0,0,0,,10,,0,0,,,0,,0,0
2017,205,19314,I. Whitney,28,1,0,0,0,,0,0,1,0,0,,0,,0,0
2017,206,19317,V. Bolden,27.2,0,0,0,0,,,,0,0,,,,,0,
2017,207,18881,J. Ross,26.5,2,0,0,0,,0,,0,0,,,0,,0,0